username, time_to_deliver

SERVER,NaN

antonio 1,207

antonio 1,207

antonio 1,207

antonio 1,207

antonio 1,207

antonio 1,208

antonio 1,208

antonio 1,208

antonio 1,208

antonio 1,208

antonio 1,208

antonio 1,209

antonio 1,209

antonio 1,209

antonio 1,210

antonio 1,210

antonio 1,216

antonio 1,216

antonio 1,216

antonio 1,216

antonio 1,216

antonio 1,217

antonio 1,217

antonio 1,217

antonio 1,217

antonio 1,217

antonio 1,217

antonio 1,217

antonio 1,218

antonio 1,218

antonio 1,218

antonio 1,218

antonio 1,218

antonio 1,219

antonio 1,219

antonio 1,219

antonio 1,219

antonio 1,231

antonio 1,232

antonio 1,232

antonio 1,232

antonio 1,232

antonio 1,233

antonio 1,233

antonio 1,234

antonio 1,234

antonio 1,234

antonio 1,234

antonio 1,235

antonio 1,235

antonio 1,235

antonio 1,235

antonio 1,235

antonio 1,234

antonio 1,234

antonio 1,234

antonio 1,235

antonio 1,235

antonio 1,235

antonio 1,235

antonio 1,236

antonio 1,239

antonio 1,239

antonio 1,239

antonio 1,240

antonio 1,240

antonio 1,241

antonio 1,241
antonio 1,241
antonio 1,241
antonio 1,241

antonio 1,242

antonio 1,242

antonio 1,242

antonio 1,242

antonio 1,316

antonio 1,665

antonio 1,666

antonio 1,667

antonio 1,668

antonio 1,669

antonio 1,669

antonio 1,669

antonio 1,670

antonio 1,671

antonio 1,671

antonio 1,671

antonio 1,671

antonio 1,672

antonio 1,671

antonio 1,671

antonio 1,671

antonio 1,671

antonio 1,672

antonio 1,672

antonio 1,672

antonio 1,672

antonio 1,685

antonio 1,685

antonio 1,686

antonio 1,686

antonio 1,687

antonio 1,688

antonio 1,688

antonio 1,689

antonio 1,689

antonio 1,689

antonio 1,690

antonio 1,690

antonio 1,689

antonio 1,690

antonio 1,690

antonio 1,690
antonio 1,691
antonio 1,691

antonio 1,691
antonio 1,691
antonio 1,690

antonio 1,690
antonio 1,690

antonio 1,691
antonio 1,691
antonio 1,691
antonio 1,694
antonio 1,695
antonio 1,695
antonio 1,696
antonio 1,697

antonio 1,698

antonio 1,699

antonio 1,704

antonio 1,703

antonio 1,704

antonio 1,704

antonio 1,704

antonio 1,704

antonio 1,707

antonio 1,707

antonio 1,707

antonio 1,707

antonio 1,708

antonio 1,708

antonio 1,708

antonio 1,708

antonio 1,708
antonio 1,708

antonio 1,709
antonio 1,709
antonio 1,709
antonio 1,709
antonio 1,709
antonio 1,709
antonio 1,710
antonio 1,710
antonio 1,709
antonio 1,709
antonio 1,710
antonio 1,710
antonio 1,710
antonio 1,710
antonio 1,710
antonio 1,710
antonio 1,711
antonio 1,711
antonio 1,711
antonio 1,711
antonio 1,711
antonio 1,711
antonio 1,712
antonio 1,712
antonio 1,712
antonio 1,712
antonio 1,712
antonio 1,713
antonio 1,713
antonio 1,713
antonio 1,713
antonio 1,713
antonio 1,713
antonio 1,713
antonio 1,713
antonio 1,714

antonio 1,714

antonio 1,715

antonio 1,715

antonio 1,715

antonio 1,715

antonio 1,716

antonio 1,715

antonio 1,715

antonio 1,715

antonio 1,715

antonio 1,716

antonio 1,716

antonio 1,716

antonio 1,716

antonio 1,716

antonio 1,716

antonio 1,716

antonio 1,717

antonio 1,717

antonio 1,717

antonio 1,717

antonio 1,717

antonio 1,717

antonio 1,717

antonio 1,718

antonio 1,718

antonio 1,718

antonio 1,718

antonio 1,718

antonio 1,718

antonio 1,719

antonio 1,719

antonio 1,719

antonio 1,719

antonio 1,719

antonio 1,719

antonio 1,720

antonio 1,720

antonio 1,720

antonio 1,720

antonio 1,720

antonio 1,720

antonio 1,721

antonio 1,721

antonio 1,721

antonio 1,721

antonio 1,721

antonio 1,721

antonio 1,721

antonio 1,722

antonio 1,722

antonio 1,722

antonio 1,722

antonio 1,722

antonio 1,721

antonio 1,722

antonio 1,722

antonio 1,722

antonio 1,722

antonio 1,722

antonio 1,722

antonio 1,722

antonio 1,723

antonio 1,723

antonio 1,723

antonio 1,723

antonio 1,723

antonio 1,723

antonio 1,723

antonio 1,724

antonio 1,724

antonio 1,724

antonio 1,724

antonio 1,724

antonio 1,724

antonio 1,724

antonio 1,725

antonio 1,725

antonio 1,725

antonio 1,726

antonio 1,726

antonio 1,726

antonio 1,726

antonio 1,727

antonio 1,727

antonio 1,727

antonio 1,727

antonio 1,727

antonio 1,728

antonio 1,728

antonio 1,728

antonio 1,728

antonio 1,728

antonio 1,728

antonio 1,728

antonio 1,729

antonio 1,729

antonio 1,729

antonio 1,729

antonio 1,729

antonio 1,729

antonio 1,729

antonio 1,730

antonio 1,730

antonio 1,730

antonio 1,729

antonio 1,729

antonio 1,729

antonio 1,729

antonio 1,729

antonio 1,730

antonio 1,730

antonio 1,730

antonio 1,730

antonio 1,730

antonio 1,730

antonio 1,730

antonio 1,730

antonio 1,730

antonio 1,730

antonio 1,731

antonio 1,731

antonio 1,731

antonio 1,731

antonio 1,731

antonio 1,731

antonio 1,731

antonio 1,731

antonio 1,731

antonio 1,732

antonio 1,732
antonio 1,732
antonio 1,732
antonio 1,732
antonio 1,732
antonio 1,732
antonio 1,732
antonio 1,732
antonio 1,733
antonio 1,733
antonio 1,733
antonio 1,733
antonio 1,733
antonio 1,733
antonio 1,733
antonio 1,733
antonio 1,733
antonio 1,733
antonio 1,734
antonio 1,734
antonio 1,734
antonio 1,734
antonio 1,734
antonio 1,734
antonio 1,733
antonio 1,733
antonio 1,733
antonio 1,733
antonio 1,734
antonio 1,734
antonio 1,734

antonio 1,734

antonio 1,734

antonio 1,734

antonio 1,734

antonio 1,734

antonio 1,735

antonio 1,735

antonio 1,735

antonio 1,735

antonio 1,735

antonio 1,735

antonio 1,735

antonio 1,735

antonio 1,735

antonio 1,735

antonio 1,736

antonio 1,736

antonio 1,736

antonio 1,735

antonio 1,735

antonio 1,735

antonio 1,735

antonio 1,735

antonio 1,735

antonio 1,736

antonio 1,736

antonio 1,736

antonio 1,736

antonio 1,736

antonio 1,736

antonio 1,736

antonio 1,736

antonio 1,737

antonio 1,737

antonio 1,737

antonio 1,737

antonio 1,738

antonio 1,738

antonio 1,737

antonio 1,737

antonio 1,737

antonio 1,737

antonio 1,738

antonio 1,738

antonio 1,739

antonio 1,739

antonio 1,741

antonio 1,742

antonio 1,742

antonio 1,745

antonio 1,746

antonio 1,746

antonio 1,747

antonio 1,747

antonio 1,748

antonio 1,748

antonio 1,748

antonio 1,749

antonio 1,749

antonio 1,749

antonio 1,749

antonio 1,749

antonio 1,749

antonio 1,749

antonio 1,750

antonio 1,750

antonio 1,750

antonio 1,750

antonio 1,750

antonio 1,750

antonio 1,750

antonio 1,750

antonio 1,750

antonio 1,750

antonio 1,751

antonio 1,751

antonio 1,751

antonio 1,751

antonio 1,751

antonio 1,751

antonio 1,751
antonio 1,751
antonio 1,751
antonio 1,752
antonio 1,751
antonio 1,751
antonio 1,751

antonio 1,751

antonio 1,751

antonio 1,752

antonio 1,752

antonio 1,752

antonio 1,752

antonio 1,752

antonio 1,752

antonio 1,753

antonio 1,753

antonio 1,753

antonio 1,753

antonio 1,753

antonio 1,753

antonio 1,754

antonio 1,754

antonio 1,754

antonio 1,754

antonio 1,754

antonio 1,754
antonio 1,754

antonio 1,755

antonio 1,755

antonio 1,755

antonio 1,755

antonio 1,756

antonio 1,756

antonio 1,758

antonio 1,759

antonio 1,759

antonio 1,760

antonio 1,760

antonio 1,760

antonio 1,760

antonio 1,761

antonio 1,761

antonio 1,761

antonio 1,761

antonio 1,762

antonio 1,762

antonio 1,763

antonio 1,763

antonio 1,764

antonio 1,764

antonio 1,766

antonio 1,767

antonio 1,768

antonio 1,768

antonio 1,779

antonio 1,852
antonio 1,853
antonio 1,855
antonio 1,856
antonio 1,856
antonio 1,857
antonio 1,857
antonio 1,859
antonio 1,859
antonio 1,859
antonio 1,860
antonio 1,860
antonio 1,860
antonio 1,860
antonio 1,860
antonio 1,861
antonio 1,861
antonio 1,861
antonio 1,862
antonio 1,863
antonio 1,863
SERVER,NaN
SERVER,NaN
SERVER,NaN

antonio 4,1198

antonio 4,1640

antonio 4,1641
antonio 4,1641

antonio 4,1642

antonio 4,1642

antonio 4,1643

antonio 4,1643

antonio 4,1643

antonio 4,1643

antonio 4,1643

antonio 4,1662

antonio 4,1662

antonio 4,1663

antonio 4,1663

antonio 4,1663

antonio 4,1664

antonio 4,1664

antonio 4,1665

antonio 4,1665

antonio 4,1665

antonio 4,1665

antonio 4,1666

antonio 4,1666

antonio 4,1666

antonio 4,1666

antonio 4,1666

antonio 4,1666

antonio 4,1666

antonio 4,1666

antonio 4,1667

antonio 4,1667

antonio 4,1667

antonio 4,1667

antonio 4,1668

antonio 4,1668

antonio 4,1668

antonio 4,1668

antonio 4,1668

antonio 4,1669

antonio 4,1669

antonio 4,1669

antonio 4,1669

antonio 4,1670

antonio 4,1669

antonio 4,1669

antonio 4,1669

antonio 4,1669

antonio 4,1669

antonio 4,1670

antonio 4,1669

antonio 4,1669

antonio 4,1669

antonio 4,1669

antonio 4,1669

antonio 4,1670

antonio 4,1670

antonio 4,1670

antonio 4,1670

antonio 4,1670

antonio 4,1670

antonio 4,1670

antonio 4,1671

antonio 4,1671

antonio 4,1671

antonio 4,1671

antonio 4,1671

antonio 4,1671

antonio 4,1671

antonio 4,1672

antonio 4,1672

antonio 4,1672

antonio 4,1672

antonio 4,1672

antonio 4,1672

antonio 4,1672

antonio 4,1672

antonio 4,1673

antonio 4,1673

antonio 4,1673

antonio 4,1673

antonio 4,1673

antonio 4,1673

antonio 4,1672

antonio 4,1672

antonio 4,1673

antonio 4,1673

antonio 4,1673

antonio 4,1673

antonio 4,1673

antonio 4,1673

antonio 4,1673

antonio 4,1674

antonio 4,1674

antonio 4,1674

antonio 4,1674

antonio 4,1674

antonio 4,1675

antonio 4,1675

antonio 4,1675

antonio 4,1675

antonio 4,1676

antonio 4,1676

antonio 4,1676

antonio 4,1676

antonio 4,1677

antonio 4,1677

antonio 4,1677

antonio 4,1678

antonio 4,1678

antonio 4,1678

antonio 4,1678

antonio 4,1678

antonio 4,1678

antonio 4,1678

antonio 4,1678

antonio 4,1679

antonio 4,1678

antonio 4,1678

antonio 4,1678

antonio 4,1678

antonio 4,1678

antonio 4,1678

antonio 4,1678

antonio 4,1679

antonio 4,1679

antonio 4,1679

antonio 4,1679

antonio 4,1679

antonio 4,1679

antonio 4,1678

antonio 4,1678

antonio 4,1678
antonio 4,1678
antonio 4,1678
antonio 4,1678
antonio 4,1678
antonio 4,1678
antonio 4,1678
antonio 4,1678
antonio 4,1678
antonio 4,1679
antonio 4,1679
antonio 4,1679
antonio 4,1679
antonio 4,1679
antonio 4,1679
antonio 4,1679
antonio 4,1679
antonio 4,1678
antonio 4,1678
antonio 4,1679
antonio 4,1679
antonio 4,1679
antonio 4,1679
antonio 4,1679
antonio 4,1679
antonio 4,1679
antonio 4,1680
antonio 4,1680
antonio 4,1680
antonio 4,1680

antonio 4,1680

antonio 4,1680

antonio 4,1680

antonio 4,1680

antonio 4,1680

antonio 4,1680

antonio 4,1681

antonio 4,1681

antonio 4,1681

antonio 4,1681

antonio 4,1681

antonio 4,1681

antonio 4,1681

antonio 4,1681

antonio 4,1681

antonio 4,1681

antonio 4,1682

antonio 4,1682

antonio 4,1682

antonio 4,1682

antonio 4,1682

antonio 4,1682

antonio 4,1682

antonio 4,1682

antonio 4,1682

antonio 4,1682

antonio 4,1682

antonio 4,1683

antonio 4,1683

antonio 4,1683

antonio 4,1683

antonio 4,1683

antonio 4,1682

antonio 4,1682

antonio 4,1682

antonio 4,1682

antonio 4,1682

antonio 4,1683

antonio 4,1683

antonio 4,1683

antonio 4,1683

antonio 4,1683

antonio 4,1683

antonio 4,1683

antonio 4,1683

antonio 4,1683

antonio 4,1683

antonio 4,1684

antonio 4,1684

antonio 4,1684

antonio 4,1684

antonio 4,1684

antonio 4,1684

antonio 4,1684

antonio 4,1684

antonio 4,1684

antonio 4,1684

antonio 4,1684

antonio 4,1685

antonio 4,1685

antonio 4,1685

antonio 4,1685

antonio 4,1685

antonio 4,1685

antonio 4,1685

antonio 4,1685

antonio 4,1686

antonio 4,1686

antonio 4,1686

antonio 4,1686

antonio 4,1686

antonio 4,1686

antonio 4,1687

antonio 4,1687

antonio 4,1687

antonio 4,1687

antonio 4,1688

antonio 4,1688

antonio 4,1688

antonio 4,1687

antonio 4,1687

antonio 4,1687

antonio 4,1688

antonio 4,1688

antonio 4,1688

antonio 4,1689

antonio 4,1689

antonio 4,1689

antonio 4,1689

antonio 4,1689

antonio 4,1689

antonio 4,1689

antonio 4,1689

antonio 4,1690

antonio 4,1690

antonio 4,1690

antonio 4,1690

antonio 4,1690

antonio 4,1690

antonio 4,1690

antonio 4,1690

antonio 4,1691

antonio 4,1691

antonio 4,1691

antonio 4,1691

antonio 4,1691

antonio 4,1691

antonio 4,1691

antonio 4,1691

antonio 4,1691

antonio 4,1692

antonio 4,1692

antonio 4,1691

antonio 4,1691

antonio 4,1691

antonio 4,1691

antonio 4,1691

antonio 4,1692

antonio 4,1692

antonio 4,1692

antonio 4,1692

antonio 4,1692

antonio 4,1692

antonio 4,1693

antonio 4,1693

antonio 4,1693

antonio 4,1693

antonio 4,1693

antonio 4,1693

antonio 4,1693

antonio 4,1694
antonio 4,1694
antonio 4,1694
antonio 4,1694
antonio 4,1694
antonio 4,1694
antonio 4,1694
antonio 4,1694
antonio 4,1695
antonio 4,1695
antonio 4,1695
antonio 4,1695
antonio 4,1695
antonio 4,1695
antonio 4,1695
antonio 4,1695
antonio 4,1696
antonio 4,1696
antonio 4,1696
antonio 4,1696
antonio 4,1696
antonio 4,1696
antonio 4,1696
antonio 4,1696
antonio 4,1696
antonio 4,1696
antonio 4,1697
antonio 4,1696
antonio 4,1696
antonio 4,1696
antonio 4,1696

antonio 4,1696

antonio 4,1696

antonio 4,1696

antonio 4,1696

antonio 4,1696

antonio 4,1697

antonio 4,1697

antonio 4,1697

antonio 4,1697

antonio 4,1697

antonio 4,1697

antonio 4,1697

antonio 4,1697

antonio 4,1697

antonio 4,1697

antonio 4,1698

antonio 4,1698

antonio 4,1698

antonio 4,1698

antonio 4,1698

antonio 4,1698

antonio 4,1698

antonio 4,1698

antonio 4,1698

antonio 4,1698

antonio 4,1698

antonio 4,1699

antonio 4,1699

antonio 4,1699

antonio 4,1699

antonio 4,1699

antonio 4,1699

antonio 4,1699

antonio 4,1699

antonio 4,1698

antonio 4,1699

antonio 4,1699

antonio 4,1699

antonio 4,1699

antonio 4,1699

antonio 4,1699

antonio 4,1699

antonio 4,1699

antonio 4,1699

antonio 4,1699

antonio 4,1700

antonio 4,1700

antonio 4,1700

antonio 4,1700

antonio 4,1700

antonio 4,1700

antonio 4,1700

antonio 4,1700

antonio 4,1700

antonio 4,1699

antonio 4,1699

antonio 4,1700

antonio 4,1700

antonio 4,1700

antonio 4,1700

antonio 4,1700

antonio 4,1700

antonio 4,1700

antonio 4,1700

antonio 4,1700

antonio 4,1701

antonio 4,1701

antonio 4,1701

antonio 4,1701

antonio 4,1701

antonio 4,1700

antonio 4,1700

antonio 4,1700

antonio 4,1701

antonio 4,1701

antonio 4,1701

antonio 4,1701

antonio 4,1701

antonio 4,1701

antonio 4,1702

antonio 4,1702

antonio 4,1702

antonio 4,1702

antonio 4,1702

antonio 4,1702

antonio 4,1702

antonio 4,1703

antonio 4,1703

antonio 4,1703

antonio 4,1703

antonio 4,1703

antonio 4,1703

antonio 4,1703

antonio 4,1704

antonio 4,1704

antonio 4,1704

antonio 4,1704

antonio 4,1704

antonio 4,1704

antonio 4,1705

antonio 4,1705

antonio 4,1705

antonio 4,1705

antonio 4,1705
antonio 4,1705
antonio 4,1705
antonio 4,1705
antonio 4,1705
antonio 4,1705
antonio 4,1704
antonio 4,1705
antonio 4,1705
antonio 4,1705
antonio 4,1705
antonio 4,1705
antonio 4,1705
antonio 4,1705
antonio 4,1705
antonio 4,1705
antonio 4,1705
antonio 4,1706
antonio 4,1706
antonio 4,1706
antonio 4,1706

antonio 4,1706

antonio 4,1706

antonio 4,1706

antonio 4,1706

antonio 4,1706

antonio 4,1706

antonio 4,1706

antonio 4,1707

antonio 4,1707

antonio 4,1707

antonio 4,1707

antonio 4,1707

antonio 4,1707

antonio 4,1707

antonio 4,1707

antonio 4,1708

antonio 4,1708

antonio 4,1708

antonio 4,1708

antonio 4,1708

antonio 4,1708

antonio 4,1708

antonio 4,1708

antonio 4,1708

antonio 4,1709

antonio 4,1709

antonio 4,1709
antonio 4,1709
antonio 4,1709
antonio 4,1709
antonio 4,1709
antonio 4,1710
antonio 4,1710
antonio 4,1710
antonio 4,1710
antonio 4,1709
antonio 4,1709
antonio 4,1710
antonio 4,1710
antonio 4,1710
antonio 4,1710
antonio 4,1710
antonio 4,1710
antonio 4,1710
antonio 4,1710
antonio 4,1710
antonio 4,1711
antonio 4,1711
antonio 4,1711
antonio 4,1711
antonio 4,1711
antonio 4,1711
antonio 4,1711

antonio 3,1919

antonio 3,2428

antonio 3,2428

antonio 3,2429

antonio 3,2429

antonio 3,2429

antonio 3,2430

antonio 3,2430

antonio 3,2430

antonio 3,2430

antonio 3,2431

antonio 3,2447

antonio 3,2448

antonio 3,2448

antonio 3,2448

antonio 3,2448

antonio 3,2448

antonio 3,2448

antonio 3,2449

antonio 3,2449

antonio 3,2449

antonio 3,2449

antonio 3,2449

antonio 3,2450

antonio 3,2450

antonio 3,2450

antonio 3,2450

antonio 3,2450

antonio 3,2450

antonio 3,2451

antonio 3,2451

antonio 3,2451

antonio 3,2451

antonio 3,2451

antonio 3,2451

antonio 3,2452

antonio 3,2452

antonio 3,2452

antonio 3,2452

antonio 3,2452

antonio 3,2451

antonio 3,2451

antonio 3,2452

antonio 3,2452

antonio 3,2452

antonio 3,2452

antonio 3,2452

antonio 3,2453

antonio 3,2453

antonio 3,2452

antonio 3,2452

antonio 3,2452

antonio 3,2453

antonio 3,2453

antonio 3,2453

antonio 3,2453

antonio 3,2453

antonio 3,2454

antonio 3,2454

antonio 3,2454

antonio 3,2454

antonio 3,2454

antonio 3,2454

antonio 3,2455

antonio 3,2455

antonio 3,2455

antonio 3,2455

antonio 3,2455

antonio 3,2455

antonio 3,2455

antonio 3,2456

antonio 3,2456

antonio 3,2456

antonio 3,2456

antonio 3,2456

antonio 3,2456

antonio 3,2456

antonio 3,2456

antonio 3,2456

antonio 3,2457

antonio 3,2457

antonio 3,2457

antonio 3,2456

antonio 3,2456

antonio 3,2456

antonio 3,2456

antonio 3,2456

antonio 3,2456

antonio 3,2457

antonio 3,2457

antonio 3,2457

antonio 3,2457

antonio 3,2457

antonio 3,2457

antonio 3,2457

antonio 3,2457

antonio 3,2457

antonio 3,2457

antonio 3,2458

antonio 3,2458

antonio 3,2458

antonio 3,2458

antonio 3,2458

antonio 3,2458

antonio 3,2458

antonio 3,2458

antonio 3,2458

antonio 3,2458

antonio 3,2458

antonio 3,2459

antonio 3,2459

antonio 3,2458

antonio 3,2458

antonio 3,2458

antonio 3,2458

antonio 3,2458

antonio 3,2457

antonio 3,2458

antonio 3,2458

antonio 3,2458

antonio 3,2458

antonio 3,2458

antonio 3,2458

antonio 3,2458

antonio 3,2458

antonio 3,2458

antonio 3,2458

antonio 3,2459

antonio 3,2459

antonio 3,2459

antonio 3,2459
antonio 3,2456
antonio 3,2455
antonio 3,2455
antonio 3,2455
antonio 3,2455
antonio 3,2455
antonio 3,2455
antonio 3,2456
antonio 3,2456
antonio 3,2456
antonio 3,2456
antonio 3,2456
antonio 3,2456
antonio 3,2456
antonio 3,2456
antonio 3,2456
antonio 3,2456
antonio 3,2457
antonio 3,2457
antonio 3,2457

antonio 3,2459

antonio 3,2459

antonio 3,2460

antonio 3,2460

antonio 3,2460

antonio 3,2460

antonio 3,2460

antonio 3,2460

antonio 3,2460

antonio 3,2460

antonio 3,2460

antonio 3,2460

antonio 3,2461

antonio 3,2461

antonio 3,2461

antonio 3,2461

antonio 3,2461

antonio 3,2460

antonio 3,2460

antonio 3,2460

antonio 3,2460

antonio 3,2460

antonio 3,2461

antonio 3,2461

antonio 3,2461

antonio 3,2461

antonio 3,2461

antonio 3,2461

antonio 3,2461
antonio 3,2461
antonio 3,2462
antonio 3,2462

antonio 3,2462

antonio 3,2462

antonio 3,2462
antonio 3,2463
antonio 3,2463
antonio 3,2463

antonio 3,2463

antonio 3,2463

antonio 3,2463

antonio 3,2463

antonio 3,2463

antonio 3,2464

antonio 3,2464

antonio 3,2464

antonio 3,2464

antonio 3,2464

antonio 3,2464

antonio 3,2464

antonio 3,2465

antonio 3,2465

antonio 3,2465

antonio 3,2465

antonio 3,2465

antonio 3,2465

antonio 3,2465

antonio 3,2465

antonio 3,2465

antonio 3,2466

antonio 3,2466

antonio 3,2466

antonio 3,2466

antonio 3,2466

antonio 3,2466

antonio 3,2466

antonio 3,2465

antonio 3,2465

antonio 3,2465

antonio 3,2465

antonio 3,2466

antonio 3,2466

antonio 3,2466

antonio 3,2466

antonio 3,2466

antonio 3,2466

antonio 3,2466

antonio 3,2466

antonio 3,2466

antonio 3,2467

antonio 3,2467

antonio 3,2467

antonio 3,2467

antonio 3,2464

antonio 3,2464

antonio 3,2464

antonio 3,2465

antonio 3,2465

antonio 3,2465

antonio 3,2465

antonio 3,2466

antonio 3,2466

antonio 3,2466

antonio 3,2466

antonio 3,2466

antonio 3,2466

antonio 3,2465

antonio 3,2465

antonio 3,2465

antonio 3,2465

antonio 3,2465

antonio 3,2466

antonio 3,2466

antonio 3,2466

antonio 3,2466

antonio 3,2466

antonio 3,2466

antonio 3,2466

antonio 3,2466

antonio 3,2466

antonio 3,2466

antonio 3,2467

antonio 3,2467

antonio 3,2467

antonio 3,2467

antonio 3,2467

antonio 3,2467

antonio 3,2467

antonio 3,2467

antonio 3,2468

antonio 3,2468

antonio 3,2468

antonio 3,2467

antonio 3,2467

antonio 3,2467

antonio 3,2467

antonio 3,2467

antonio 3,2467

antonio 3,2468

antonio 3,2468

antonio 3,2468

antonio 3,2468

antonio 3,2468

antonio 3,2468

antonio 3,2468

antonio 3,2468

antonio 3,2468
antonio 3,2468
antonio 3,2469
antonio 3,2469
antonio 3,2469
antonio 3,2469
antonio 3,2469
antonio 3,2469
antonio 3,2469
antonio 3,2469
antonio 3,2470
antonio 3,2470
antonio 3,2470
antonio 3,2470
antonio 3,2470
antonio 3,2470
antonio 3,2470
antonio 3,2471
antonio 3,2471
antonio 3,2471
antonio 3,2471
antonio 3,2471
antonio 3,2471
antonio 3,2471
antonio 3,2472
antonio 3,2472
antonio 3,2472
antonio 3,2472
antonio 3,2472

antonio 3,2473

antonio 3,2473

antonio 3,2473

antonio 3,2473

antonio 3,2473

antonio 3,2473

antonio 3,2473

antonio 3,2473

antonio 3,2473

antonio 3,2473

antonio 3,2473

antonio 3,2473

antonio 3,2473

antonio 3,2474

antonio 3,2474

antonio 3,2474

antonio 3,2474

antonio 3,2474

antonio 3,2474

antonio 3,2474

antonio 3,2475

antonio 3,2475

antonio 3,2475

antonio 3,2475

antonio 3,2475

antonio 3,2475

antonio 3,2475

antonio 3,2476

antonio 3,2476

antonio 3,2476

antonio 3,2476

antonio 3,2476

antonio 3,2476

antonio 3,2476

antonio 3,2477

antonio 3,2477

antonio 3,2477

antonio 3,2477

antonio 3,2477

antonio 3,2477

antonio 3,2477

antonio 3,2478

antonio 3,2478

antonio 3,2477

antonio 3,2477

antonio 3,2477

antonio 3,2477

antonio 3,2477

antonio 3,2478

antonio 3,2477

antonio 3,2477

antonio 3,2477

antonio 3,2477

antonio 3,2477

antonio 3,2477

antonio 3,2478

antonio 3,2478

antonio 3,2478

antonio 3,2478

antonio 3,2477

antonio 3,2477

antonio 3,2477

antonio 3,2477

antonio 3,2477

antonio 3,2478

antonio 3,2478

antonio 3,2478

antonio 3,2478

antonio 3,2478

antonio 3,2478

antonio 3,2478

antonio 3,2478

antonio 3,2478

antonio 3,2478

antonio 3,2479

antonio 3,2479

antonio 3,2479

antonio 3,2478

antonio 3,2478

antonio 3,2478

antonio 3,2478

antonio 3,2478

antonio 3,2478

antonio 3,2478

antonio 3,2479

antonio 3,2479

antonio 3,2479

antonio 3,2479

antonio 3,2479

antonio 3,2479

antonio 3,2479

antonio 3,2479

antonio 3,2479

antonio 3,2479

antonio 3,2480

antonio 3,2480

antonio 3,2480

antonio 3,2480

antonio 3,2480

antonio 3,2480

antonio 3,2480

antonio 3,2480

antonio 3,2480

antonio 3,2480

antonio 3,2481

antonio 3,2481

antonio 3,2481

antonio 3,2481

antonio 3,2481

antonio 3,2481

antonio 3,2481

antonio 3,2482

antonio 3,2482

antonio 3,2482

antonio 3,2482

antonio 3,2482

antonio 3,2481

antonio 3,2481

antonio 3,2482

antonio 3,2482

antonio 3,2482

antonio 3,2482

antonio 3,2482

antonio 3,2482

antonio 3,2482

antonio 3,2483

antonio 3,2483

antonio 3,2483

antonio 3,2483

antonio 3,2483

antonio 3,2483
antonio 3,2483
antonio 3,2484
antonio 3,2484
antonio 3,2484
antonio 3,2484
antonio 3,2484
antonio 3,2484
antonio 3,2485
antonio 3,2485
antonio 3,2485
antonio 3,2485
antonio 3,2485
antonio 3,2485
antonio 3,2485
antonio 3,2486
antonio 3,2486
antonio 3,2486
antonio 3,2486
antonio 3,2486
antonio 3,2486
antonio 3,2486
antonio 3,2486
antonio 3,2486
antonio 3,2486
antonio 3,2486
antonio 3,2487
antonio 3,2487
antonio 3,2487
antonio 3,2487

antonio 3,2486

antonio 3,2486

antonio 3,2486

antonio 3,2486

antonio 3,2486

antonio 3,2486

antonio 3,2487

antonio 3,2487

antonio 3,2487

antonio 3,2487

antonio 3,2487

antonio 3,2487

antonio 3,2487

antonio 3,2487

antonio 3,2487

antonio 3,2488

antonio 3,2488

antonio 3,2488

antonio 3,2488

antonio 3,2488

antonio 3,2488

antonio 3,2488

antonio 3,2488

antonio 3,2489

antonio 2,2772

antonio 2,3320

antonio 2,3320

antonio 2,3321

antonio 2,3321

antonio 2,3321

antonio 2,3321

antonio 2,3321

antonio 2,3321

antonio 2,3321

antonio 2,3321

antonio 2,3335

antonio 2,3336

antonio 2,3336

antonio 2,3336

antonio 2,3337

antonio 2,3337

antonio 2,3337

antonio 2,3338

antonio 2,3338

antonio 2,3338

antonio 2,3338

antonio 2,3339

antonio 2,3339

antonio 2,3339

antonio 2,3339

antonio 2,3339

antonio 2,3340

antonio 2,3340

antonio 2,3340

antonio 2,3340

antonio 2,3340

antonio 2,3341

antonio 2,3341

antonio 2,3341

antonio 2,3341

antonio 2,3341

antonio 2,3342

antonio 2,3342

antonio 2,3342

antonio 2,3342

antonio 2,3341

antonio 2,3341

antonio 2,3342

antonio 2,3342

antonio 2,3342

antonio 2,3342

antonio 2,3342

antonio 2,3342

antonio 2,3343

antonio 2,3343

antonio 2,3343

antonio 2,3343

antonio 2,3343

antonio 2,3343

antonio 2,3343

antonio 2,3344

antonio 2,3344

antonio 2,3344

antonio 2,3344

antonio 2,3344

antonio 2,3344

antonio 2,3344

antonio 2,3345

antonio 2,3345

antonio 2,3345

antonio 2,3345

antonio 2,3345

antonio 2,3345

antonio 2,3345

antonio 2,3345

antonio 2,3346

antonio 2,3346

antonio 2,3346

antonio 2,3346

antonio 2,3346

antonio 2,3346

antonio 2,3346

antonio 2,3346

antonio 2,3346

antonio 2,3346

antonio 2,3346

antonio 2,3346

antonio 2,3346

antonio 2,3347

antonio 2,3347

antonio 2,3347

antonio 2,3347

antonio 2,3347

antonio 2,3347

antonio 2,3347

antonio 2,3347

antonio 2,3347

antonio 2,3347

antonio 2,3348

antonio 2,3348

antonio 2,3348

antonio 2,3347

antonio 2,3347

antonio 2,3347

antonio 2,3347

antonio 2,3348

antonio 2,3348

antonio 2,3348

antonio 2,3348

antonio 2,3348

antonio 2,3348
antonio 2,3348
antonio 2,3349
antonio 2,3349
antonio 2,3349
antonio 2,3349
antonio 2,3349
antonio 2,3349
antonio 2,3349
antonio 2,3350
antonio 2,3349
antonio 2,3349
antonio 2,3349
antonio 2,3350
antonio 2,3350
antonio 2,3350
antonio 2,3350
antonio 2,3351
antonio 2,3351
antonio 2,3351
antonio 2,3351
antonio 2,3351
antonio 2,3351
antonio 2,3351
antonio 2,3351

antonio 2,3349

antonio 2,3350

antonio 2,3350

antonio 2,3350

antonio 2,3351

antonio 2,3351

antonio 2,3351

antonio 2,3351

antonio 2,3351

antonio 2,3351

antonio 2,3352

antonio 2,3352

antonio 2,3352

antonio 2,3352

antonio 2,3353

antonio 2,3353

antonio 2,3353

antonio 2,3353

antonio 2,3353

antonio 2,3353

antonio 2,3354

antonio 2,3354

antonio 2,3354

antonio 2,3354

antonio 2,3354

antonio 2,3354

antonio 2,3354

antonio 2,3354

antonio 2,3354

antonio 2,3354

antonio 2,3354

antonio 2,3354

antonio 2,3354

antonio 2,3354

antonio 2,3354

antonio 2,3354

antonio 2,3355

antonio 2,3355

antonio 2,3355

antonio 2,3355

antonio 2,3355

antonio 2,3355

antonio 2,3355

antonio 2,3355

antonio 2,3355

antonio 2,3356

antonio 2,3356

antonio 2,3356

antonio 2,3356

antonio 2,3356

antonio 2,3356

antonio 2,3356

antonio 2,3356

antonio 2,3356

antonio 2,3357

antonio 2,3357

antonio 2,3357

antonio 2,3357

antonio 2,3357

antonio 2,3357

antonio 2,3357

antonio 2,3357

antonio 2,3357

antonio 2,3358

antonio 2,3358

antonio 2,3358

antonio 2,3358

antonio 2,3358

antonio 2,3358

antonio 2,3358

antonio 2,3358

antonio 2,3358

antonio 2,3359

antonio 2,3359

antonio 2,3359

antonio 2,3359

antonio 2,3359

antonio 2,3359

antonio 2,3359

antonio 2,3310

antonio 2,3310

antonio 2,3311

antonio 2,3311

antonio 2,3311

antonio 2,3311

antonio 2,3311

antonio 2,3311

antonio 2,3311

antonio 2,3311

antonio 2,3311

antonio 2,3312

antonio 2,3312

antonio 2,3312

antonio 2,3312

antonio 2,3312

antonio 2,3312

antonio 2,3312

antonio 2,3313

antonio 2,3312

antonio 2,3312

antonio 2,3312

antonio 2,3312

antonio 2,3312

antonio 2,3312

antonio 2,3312

antonio 2,3313

antonio 2,3313

antonio 2,3313

antonio 2,3313

antonio 2,3313

antonio 2,3313

antonio 2,3313

antonio 2,3313

antonio 2,3312

antonio 2,3313

antonio 2,3313

antonio 2,3313

antonio 2,3313

antonio 2,3313

antonio 2,3313

antonio 2,3313

antonio 2,3313

antonio 2,3313

antonio 2,3314

antonio 2,3314

antonio 2,3314

antonio 2,3314

antonio 2,3314

antonio 2,3314

antonio 2,3314

antonio 2,3314

antonio 2,3315

antonio 2,3315

antonio 2,3315

antonio 2,3316

antonio 2,3316

antonio 2,3315

antonio 2,3315

antonio 2,3315

antonio 2,3315

antonio 2,3316

antonio 2,3316

antonio 2,3316

antonio 2,3316

antonio 2,3316

antonio 2,3317

antonio 2,3317

antonio 2,3317

antonio 2,3317

antonio 2,3318

antonio 2,3318

antonio 2,3318

antonio 2,3318

antonio 2,3318

antonio 2,3318

antonio 2,3319

antonio 2,3319

antonio 2,3319

antonio 2,3319

antonio 2,3320

antonio 2,3320

antonio 2,3320

antonio 2,3320

antonio 2,3320

antonio 2,3320

antonio 2,3321

antonio 2,3321

antonio 2,3321

antonio 2,3321

antonio 2,3321

antonio 2,3322

antonio 2,3322

antonio 2,3322

antonio 2,3322

antonio 2,3323

antonio 2,3323

antonio 2,3323

antonio 2,3323

antonio 2,3323

antonio 2,3323

antonio 2,3323

antonio 2,3323

antonio 2,3324

antonio 2,3324

antonio 2,3324

antonio 2,3324

antonio 2,3324

antonio 2,3324

antonio 2,3324

antonio 2,3324

antonio 2,3324

antonio 2,3324

antonio 2,3324

antonio 2,3324

antonio 2,3325

antonio 2,3325

antonio 2,3325

antonio 2,3325

antonio 2,3325

antonio 2,3325

antonio 2,3325

antonio 2,3326

antonio 2,3326

antonio 2,3329

antonio 2,3330

antonio 2,3330

antonio 2,3330

antonio 2,3330

antonio 2,3331

antonio 2,3331

antonio 2,3331

antonio 2,3331

antonio 2,3331

antonio 2,3331

antonio 2,3331

antonio 2,3331

antonio 2,3331

antonio 2,3332

antonio 2,3332

antonio 2,3332

antonio 2,3332

antonio 2,3332

antonio 2,3332

antonio 2,3332

antonio 2,3332

antonio 2,3332

antonio 2,3333
antonio 2,3333
antonio 2,3333

antonio 2,3333

antonio 2,3333

antonio 2,3333

antonio 2,3333
antonio 2,3334
antonio 2,3334
antonio 2,3334
antonio 2,3333
antonio 2,3333
antonio 2,3333

antonio 2,3333

antonio 2,3333

antonio 2,3333

antonio 2,3334

antonio 2,3334

antonio 2,3334

antonio 2,3334

antonio 2,3334

antonio 2,3334

antonio 2,3335
antonio 2,3335
antonio 2,3335

antonio 2,3335

antonio 2,3335

antonio 2,3335

antonio 2,3335

antonio 2,3335

antonio 2,3336

antonio 2,3336

antonio 2,3336

antonio 2,3336

antonio 2,3335

antonio 2,3335

antonio 2,3334

antonio 2,3334

antonio 2,3335

antonio 2,3335

antonio 2,3335

antonio 2,3335

antonio 2,3336

antonio 2,3336

antonio 2,3336

antonio 2,3336

antonio 2,3336

antonio 2,3336

antonio 2,3336

antonio 2,3336

antonio 2,3337

antonio 2,3337

antonio 2,3337

antonio 2,3337

antonio 2,3337

antonio 2,3337

antonio 2,3338

antonio 2,3338

antonio 2,3338

antonio 2,3338

antonio 2,3338

antonio 2,3338

antonio 2,3338

antonio 2,3339

antonio 2,3339

antonio 2,3339

antonio 2,3339

antonio 2,3339

antonio 2,3339

antonio 2,3339

antonio 2,3339

antonio 2,3339

antonio 2,3340

antonio 2,3340

antonio 2,3340

antonio 2,3340

antonio 2,3339

antonio 2,3339

antonio 2,3339

antonio 2,3339

antonio 2,3339

antonio 2,3341

antonio 2,3341

antonio 2,3341

antonio 2,3341

antonio 2,3342

antonio 2,3342

antonio 2,3342

antonio 2,3342

antonio 2,3342

antonio 2,3342

antonio 2,3342

antonio 2,3343

antonio 2,3343

antonio 2,3343

antonio 2,3343

antonio 2,3343

antonio 2,3343

antonio 2,3344

antonio 2,3344

antonio 2,3344

antonio 2,3344

antonio 2,3344

antonio 2,3344

antonio 2,3345

antonio 2,3345

antonio 2,3345

antonio 2,3345

antonio 2,3345

antonio 2,3345

antonio 2,3345

antonio 2,3345

antonio 2,3345

antonio 2,3346

antonio 2,3346

antonio 2,3346

antonio 2,3346

antonio 2,3346

antonio 2,3346

antonio 2,3346

antonio 2,3346

antonio 2,3346

antonio 2,3347

antonio 2,3346

antonio 2,3346

antonio 2,3346

antonio 2,3346

antonio 2,3346

antonio 2,3346

antonio 2,3346

antonio 2,3346

antonio 2,3346

antonio 2,3347

antonio 2,3347

antonio 2,3347

antonio 2,3347

antonio 2,3347

antonio 2,3347

antonio 2,3347

antonio 2,3348

antonio 2,3348

antonio 2,3348

antonio 2,3348

SERVER,NaN

SERVER,NaN

SERVER,NaN

SERVER,NaN

SERVER,NaN

SERVER,NaN

antonio 8,5417

antonio 8,5931

antonio 8,5931

antonio 8,5932

antonio 8,5932

antonio 8,5932

antonio 8,5933

antonio 8,5933

antonio 8,5933

antonio 8,5933

antonio 8,5933

antonio 8,5949

antonio 8,5949

antonio 8,5949

antonio 8,5949

antonio 8,5949

antonio 8,5949

antonio 8,5950

antonio 8,5950

antonio 8,5950

antonio 8,5950

antonio 8,5950

antonio 8,5950

antonio 8,5951

antonio 8,5951

antonio 8,5951

antonio 8,5951

antonio 8,5951

antonio 8,5951

antonio 8,5950

antonio 8,5950

antonio 8,5951

antonio 8,5951

antonio 8,5951

antonio 8,5951

antonio 8,5951

antonio 8,5951

antonio 8,5951

antonio 8,5952

antonio 8,5952

antonio 8,5952

antonio 8,5952

antonio 8,5953

antonio 8,5953

antonio 8,5953

antonio 8,5953

antonio 8,5953

antonio 8,5953

antonio 8,5953

antonio 8,5954

antonio 8,5954

antonio 8,5953

antonio 8,5953

antonio 8,5953

antonio 8,5954

antonio 8,5954

antonio 8,5954

antonio 8,5954

antonio 8,5954

antonio 8,5954

antonio 8,5955

antonio 8,5955

antonio 8,5955

antonio 8,5955

antonio 8,5955

antonio 8,5955

antonio 8,5955

antonio 8,5956

antonio 8,5956

antonio 8,5956

antonio 8,5956

antonio 8,5957

antonio 8,5957

antonio 8,5957

antonio 8,5957

antonio 8,5957

antonio 8,5958

antonio 8,5958

antonio 8,5958

antonio 8,5958

antonio 8,5958

antonio 8,5958

antonio 8,5959

antonio 8,5959

antonio 8,5958

antonio 8,5958

antonio 8,5958

antonio 8,5959
antonio 8,5959
antonio 8,5959
antonio 8,5959
antonio 8,5959
antonio 8,5959
antonio 8,5960

antonio 8,5960
antonio 8,5960
antonio 8,5961
antonio 8,5961

antonio 8,5961

antonio 8,5961

antonio 8,5962

antonio 8,5962

antonio 8,5962

antonio 8,5962

antonio 8,5962

antonio 8,5963

antonio 8,5962

antonio 8,5962

antonio 8,5962

antonio 8,5962

antonio 8,5962

antonio 8,5962

antonio 8,5962

antonio 8,5962

antonio 8,5963

antonio 8,5963

antonio 8,5962

antonio 8,5962

antonio 8,5962

antonio 8,5962

antonio 8,5962

antonio 8,5963

antonio 8,5963

antonio 8,5963

antonio 8,5963

antonio 8,5963

antonio 8,5963

antonio 8,5963

antonio 8,5963

antonio 8,5964

antonio 8,5963

antonio 8,5959

antonio 8,5959

antonio 8,5959

antonio 8,5959

antonio 8,5959

antonio 8,5959

antonio 8,5960

antonio 8,5960

antonio 8,5960
antonio 8,5960
antonio 8,5960
antonio 8,5960
antonio 8,5961
antonio 8,5961
antonio 8,5961
antonio 8,5961
antonio 8,5961
antonio 8,5961
antonio 8,5961
antonio 8,5960
antonio 8,5960
antonio 8,5960
antonio 8,5961
antonio 8,5961
antonio 8,5961
antonio 8,5961
antonio 8,5961
antonio 8,5961
antonio 8,5961
antonio 8,5961
antonio 8,5961
antonio 8,5962
antonio 8,5962
antonio 8,5962
antonio 8,5962
antonio 8,5962

antonio 8,5962

antonio 8,5962

antonio 8,5963

antonio 8,5963

antonio 8,5963

antonio 8,5963

antonio 8,5963

antonio 8,5963

antonio 8,5963

antonio 8,5963

antonio 8,5964

antonio 8,5964

antonio 8,5964

antonio 8,5964

antonio 8,5964

antonio 8,5964

antonio 8,5964

antonio 8,5964

antonio 8,5965

antonio 8,5965

antonio 8,5965

antonio 8,5965

antonio 8,5965

antonio 8,5965

antonio 8,5965

antonio 8,5965

antonio 8,5966

antonio 8,5966

antonio 8,5966

antonio 8,5965
antonio 8,5965
antonio 8,5965
antonio 8,5965
antonio 8,5965

antonio 8,5966

antonio 8,5966

antonio 8,5966

antonio 8,5966

antonio 8,5966

antonio 8,5966

antonio 8,5966

antonio 8,5966

antonio 8,5966

antonio 8,5967

antonio 8,5967

antonio 8,5967
antonio 8,5967
antonio 8,5967

antonio 8,5967

antonio 8,5967

antonio 8,5967

antonio 8,5968

antonio 8,5968

antonio 8,5968

antonio 8,5968

antonio 8,5968

antonio 8,5968

antonio 8,5968

antonio 8,5969

antonio 8,5969

antonio 8,5969

antonio 8,5969

antonio 8,5969

antonio 8,5969

antonio 8,5969

antonio 8,5969

antonio 8,5970

antonio 8,5970

antonio 8,5970

antonio 8,5970

antonio 8,5971

antonio 8,5971

antonio 8,5971

antonio 8,5971

antonio 8,5971

antonio 8,5971

antonio 8,5972

antonio 8,5972

antonio 8,5972

antonio 8,5972

antonio 8,5971

antonio 8,5971

antonio 8,5971

antonio 8,5972

antonio 8,5972

antonio 8,5972

antonio 8,5972

antonio 8,5972

antonio 8,5972

antonio 8,5972

antonio 8,5973

antonio 8,5973

antonio 8,5973

antonio 8,5973

antonio 8,5973

antonio 8,5973

antonio 8,5972

antonio 8,5973

antonio 8,5973

antonio 8,5973

antonio 8,5973

antonio 8,5973

antonio 8,5973

antonio 8,5973

antonio 8,5974

antonio 8,5974

antonio 8,5974

antonio 8,5974

antonio 8,5974

antonio 8,5974

antonio 8,5975

antonio 8,5975

antonio 8,5975

antonio 8,5975

antonio 8,5975

antonio 8,5975

antonio 8,5975

antonio 8,5976

antonio 8,5976

antonio 8,5976

antonio 8,5976

antonio 8,5976

antonio 8,5976

antonio 8,5976

antonio 8,5977

antonio 8,5977

antonio 8,5977

antonio 8,5977

antonio 8,5977

antonio 8,5977

antonio 8,5977

antonio 8,5978

antonio 8,5978

antonio 8,5978

antonio 8,5978

antonio 8,5978

antonio 8,5978

antonio 8,5979

antonio 8,5979

antonio 8,5979

antonio 8,5979

antonio 8,5978

antonio 8,5978

antonio 8,5978

antonio 8,5978

antonio 8,5979

antonio 8,5979

antonio 8,5979

antonio 8,5979

antonio 8,5979

antonio 8,5979

antonio 8,5979

antonio 8,5979

antonio 8,5979

antonio 8,5979

antonio 8,5980

antonio 8,5980

antonio 8,5980

antonio 8,5980

antonio 8,5980

antonio 8,5980

antonio 8,5980

antonio 8,5980

antonio 8,5980

antonio 8,5981

antonio 8,5981

antonio 8,5981

antonio 8,5981

antonio 8,5981

antonio 8,5981

antonio 8,5981

antonio 8,5981

antonio 8,5981

antonio 8,5981

antonio 8,5982

antonio 8,5982

antonio 8,5982

antonio 8,5982

antonio 8,5982

antonio 8,5982

antonio 8,5982

antonio 8,5982

antonio 8,5982

antonio 8,5982

antonio 8,5982

antonio 8,5982

antonio 8,5982

antonio 8,5982

antonio 8,5982

antonio 8,5982

antonio 8,5982

antonio 8,5982

antonio 8,5982

antonio 8,5982

antonio 8,5983

antonio 8,5983

antonio 8,5983

antonio 8,5983

antonio 8,5983

antonio 8,5983

antonio 8,5983

antonio 8,5983

antonio 8,5983

antonio 8,5983

antonio 8,5984

antonio 8,5984

antonio 8,5984

antonio 8,5984

antonio 8,5984

antonio 8,5984

antonio 8,5984

antonio 8,5984

antonio 8,5984

antonio 8,5984

antonio 8,5985

antonio 8,5985

antonio 8,5985

antonio 8,5985

antonio 8,5985

antonio 8,5985

antonio 8,5985

antonio 8,5986

antonio 8,5986

antonio 8,5986

antonio 8,5986

antonio 8,5984

antonio 8,5984

antonio 8,5984

antonio 8,5984

antonio 8,5984

antonio 8,5985

antonio 8,5985

antonio 8,5985

antonio 8,5985

antonio 8,5985

antonio 8,5985

antonio 8,5985

antonio 8,5985

antonio 8,5986

antonio 8,5986

antonio 8,5986

antonio 8,5986

antonio 8,5986

antonio 8,5986

antonio 8,5986

antonio 8,5986

antonio 8,5986

antonio 8,5987

antonio 8,5987

antonio 8,5987

antonio 8,5987

antonio 8,5987

antonio 8,5987

antonio 8,5987

antonio 8,5987

antonio 8,5988

antonio 8,5988

antonio 8,5988

antonio 8,5988

antonio 8,5988

antonio 8,5988

antonio 8,5987

antonio 8,5987

antonio 8,5987

antonio 8,5988

antonio 8,5988

antonio 8,5988

antonio 8,5988

antonio 8,5988

antonio 8,5988

antonio 8,5988

antonio 8,5988

antonio 8,5988

antonio 8,5989

antonio 8,5989

antonio 8,5989

antonio 8,5989

antonio 8,5989

antonio 8,5989

antonio 8,5989

antonio 8,5989

antonio 8,5989

antonio 8,5990

antonio 8,5990

antonio 8,5990

antonio 8,5990

antonio 8,5990

antonio 8,5990

antonio 8,5990

antonio 8,5990

antonio 8,5991

antonio 8,5991

antonio 8,5991

antonio 8,5991

antonio 8,5991

antonio 8,5991

antonio 8,5991

antonio 8,5992

antonio 8,5992

antonio 8,5992

antonio 8,5992

antonio 8,5992

antonio 8,5992

antonio 8,5992

antonio 8,5993

antonio 8,5992

antonio 8,5992

antonio 8,5992

antonio 8,5992

antonio 8,5993

antonio 8,5993

antonio 8,5993

antonio 8,5993

antonio 8,5994

antonio 8,5994

antonio 8,5994

antonio 8,5994

antonio 8,5994

antonio 8,5995

antonio 8,5995

antonio 8,5995

antonio 8,5995

antonio 8,5995

antonio 8,5996

antonio 8,5996

antonio 8,5996

antonio 8,5996

antonio 8,5996

antonio 8,5997

antonio 8,5997

antonio 8,5997

antonio 8,5997

antonio 8,5997

antonio 5,6236

antonio 5,6712

antonio 5,6712

antonio 5,6712

antonio 5,6712

antonio 5,6712

antonio 5,6713

antonio 5,6713

antonio 5,6713

antonio 5,6713

antonio 5,6713

antonio 5,6729

antonio 5,6730

antonio 5,6730

antonio 5,6731

antonio 5,6731

antonio 5,6732

antonio 5,6732

antonio 5,6732

antonio 5,6732

antonio 5,6733

antonio 5,6733

antonio 5,6733

antonio 5,6734

antonio 5,6734

antonio 5,6734

antonio 5,6734

antonio 5,6734

antonio 5,6734

antonio 5,6734

antonio 5,6734

antonio 5,6735

antonio 5,6735

antonio 5,6735

antonio 5,6735

antonio 5,6736

antonio 5,6736

antonio 5,6736

antonio 5,6736

antonio 5,6736

antonio 5,6737

antonio 5,6737

antonio 5,6737

antonio 5,6736

antonio 5,6736

antonio 5,6737

antonio 5,6737

antonio 5,6737

antonio 5,6737

antonio 5,6737

antonio 5,6737

antonio 5,6737

antonio 5,6738

antonio 5,6738

antonio 5,6738

antonio 5,6738

antonio 5,6738

antonio 5,6738

antonio 5,6739

antonio 5,6739

antonio 5,6739

antonio 5,6739

antonio 5,6740

antonio 5,6740

antonio 5,6740

antonio 5,6740

antonio 5,6740

antonio 5,6740

antonio 5,6740

antonio 5,6741

antonio 5,6741

antonio 5,6741

antonio 5,6741

antonio 5,6741

antonio 5,6741

antonio 5,6742

antonio 5,6741

antonio 5,6741

antonio 5,6741

antonio 5,6741

antonio 5,6741

antonio 5,6742

antonio 5,6742

antonio 5,6742

antonio 5,6742

antonio 5,6742

antonio 5,6744

antonio 5,6745

antonio 5,6745

antonio 5,6745

antonio 5,6745

antonio 5,6745

antonio 5,6745

antonio 5,6745

antonio 5,6745

antonio 5,6745

antonio 5,6746

antonio 5,6746

antonio 5,6746

antonio 5,6745

antonio 5,6745

antonio 5,6745

antonio 5,6745

antonio 5,6745

antonio 5,6745

antonio 5,6746

antonio 5,6746

antonio 5,6746

antonio 5,6746
antonio 5,6746
antonio 5,6746
antonio 5,6746
antonio 5,6746
antonio 5,6746
antonio 5,6747
antonio 5,6747
antonio 5,6747
antonio 5,6747
antonio 5,6747
antonio 5,6747
antonio 5,6746
antonio 5,6747
antonio 5,6747
antonio 5,6747
antonio 5,6747

antonio 5,6747

antonio 5,6747

antonio 5,6747

antonio 5,6747

antonio 5,6748

antonio 5,6747

antonio 5,6745

antonio 5,6745

antonio 5,6745

antonio 5,6745

antonio 5,6746

antonio 5,6746

antonio 5,6746

antonio 5,6746

antonio 5,6746

antonio 5,6745

antonio 5,6745

antonio 5,6745

antonio 5,6746

antonio 5,6746

antonio 5,6746

antonio 5,6746

antonio 5,6746

antonio 5,6746

antonio 5,6746

antonio 5,6746

antonio 5,6747

antonio 5,6747

antonio 5,6747

antonio 5,6747

antonio 5,6747

antonio 5,6747

antonio 5,6747

antonio 5,6747

antonio 5,6747

antonio 5,6748

antonio 5,6748

antonio 5,6748

antonio 5,6748

antonio 5,6748

antonio 5,6748

antonio 5,6748

antonio 5,6748

antonio 5,6748

antonio 5,6748

antonio 5,6748

antonio 5,6749

antonio 5,6749

antonio 5,6749

antonio 5,6749

antonio 5,6749

antonio 5,6749

antonio 5,6749

antonio 5,6749

antonio 5,6748

antonio 5,6748

antonio 5,6749

antonio 5,6749

antonio 5,6747

antonio 5,6747

antonio 5,6747

antonio 5,6747

antonio 5,6747

antonio 5,6747

antonio 5,6747

antonio 5,6747

antonio 5,6747

antonio 5,6748

antonio 5,6748

antonio 5,6748

antonio 5,6748

antonio 5,6748

antonio 5,6748

antonio 5,6748

antonio 5,6748

antonio 5,6748

antonio 5,6748

antonio 5,6749

antonio 5,6749

antonio 5,6749

antonio 5,6749

antonio 5,6749

antonio 5,6749

antonio 5,6749

antonio 5,6749

antonio 5,6749

antonio 5,6749

antonio 5,6749

antonio 5,6750

antonio 5,6750

antonio 5,6750

antonio 5,6750

antonio 5,6750

antonio 5,6750

antonio 5,6750

antonio 5,6750

antonio 5,6750

antonio 5,6750

antonio 5,6750

antonio 5,6750

antonio 5,6750

antonio 5,6750

antonio 5,6750

antonio 5,6751

antonio 5,6751

antonio 5,6751

antonio 5,6751

antonio 5,6751

antonio 5,6751

antonio 5,6751

antonio 5,6752

antonio 5,6752

antonio 5,6752

antonio 5,6752

antonio 5,6752

antonio 5,6752

antonio 5,6752

antonio 5,6752

antonio 5,6753

antonio 5,6753

antonio 5,6753

antonio 5,6753

antonio 5,6753

antonio 5,6753

antonio 5,6753

antonio 5,6753

antonio 5,6753

antonio 5,6754

antonio 5,6754

antonio 5,6754

antonio 5,6754

antonio 5,6754

antonio 5,6754

antonio 5,6754

antonio 5,6754

antonio 5,6755

antonio 5,6755

antonio 5,6755

antonio 5,6755

antonio 5,6755

antonio 5,6755

antonio 5,6756

antonio 5,6756

antonio 5,6756

antonio 5,6755

antonio 5,6755

antonio 5,6756

antonio 5,6756

antonio 5,6756

antonio 5,6756

antonio 5,6756

antonio 5,6756

antonio 5,6756

antonio 5,6756

antonio 5,6757

antonio 5,6757

antonio 5,6757

antonio 5,6757

antonio 5,6757

antonio 5,6757

antonio 5,6758

antonio 5,6758

antonio 5,6758

antonio 5,6758

antonio 5,6758

antonio 5,6758

antonio 5,6758

antonio 5,6758

antonio 5,6759

antonio 5,6759

antonio 5,6759

antonio 5,6759

antonio 5,6759

antonio 5,6759

antonio 5,6759

antonio 5,6759

antonio 5,6759

antonio 5,6759

antonio 5,6760

antonio 5,6760

antonio 5,6760

antonio 5,6760

antonio 5,6760

antonio 5,6760

antonio 5,6760

antonio 5,6760

antonio 5,6760

antonio 5,6760

antonio 5,6761

antonio 5,6761

antonio 5,6761

antonio 5,6761

antonio 5,6761

antonio 5,6761

antonio 5,6760

antonio 5,6760

antonio 5,6760

antonio 5,6760

antonio 5,6761

antonio 5,6761

antonio 5,6761

antonio 5,6761

antonio 5,6761

antonio 5,6761

antonio 5,6761

antonio 5,6761

antonio 5,6761

antonio 5,6761

antonio 5,6761

antonio 5,6762

antonio 5,6762

antonio 5,6762

antonio 5,6762

antonio 5,6762

antonio 5,6762

antonio 5,6762

antonio 5,6762

antonio 5,6762

antonio 5,6762

antonio 5,6763

antonio 5,6763

antonio 5,6763

antonio 5,6763

antonio 5,6763

antonio 5,6763

antonio 5,6763

antonio 5,6763

antonio 5,6763

antonio 5,6763

antonio 5,6763

antonio 5,6764

antonio 5,6764

antonio 5,6763

antonio 5,6763

antonio 5,6763

antonio 5,6763

antonio 5,6763

antonio 5,6763

antonio 5,6763

antonio 5,6763

antonio 5,6764

antonio 5,6764

antonio 5,6764

antonio 5,6764

antonio 5,6764

antonio 5,6764

antonio 5,6764

antonio 5,6764

antonio 5,6764

antonio 5,6765

antonio 5,6765

antonio 5,6765

antonio 5,6764

antonio 5,6764

antonio 5,6764

antonio 5,6764

antonio 5,6764

antonio 5,6765

antonio 5,6765

antonio 5,6765

antonio 5,6765

antonio 5,6765

antonio 5,6765

antonio 5,6765

antonio 5,6765

antonio 5,6766

antonio 5,6766

antonio 5,6766

antonio 5,6765

antonio 5,6765

antonio 5,6765

antonio 5,6765

antonio 5,6765

antonio 5,6766

antonio 5,6766

antonio 5,6766

antonio 5,6766

antonio 5,6766

antonio 5,6766

antonio 5,6767

antonio 5,6767

antonio 5,6767

antonio 5,6767

antonio 5,6767

antonio 5,6768

antonio 5,6768

antonio 5,6768

antonio 5,6768

antonio 5,6769

antonio 5,6769

antonio 5,6769

antonio 5,6769

antonio 5,6770

antonio 5,6770

antonio 5,6769

antonio 5,6769

antonio 5,6769

antonio 5,6769

antonio 5,6769

antonio 5,6769

antonio 5,6770

antonio 5,6770

antonio 5,6770

antonio 5,6770

antonio 5,6770

antonio 5,6770

antonio 5,6770

antonio 5,6770

antonio 5,6770

antonio 5,6770

antonio 5,6771

antonio 5,6771

antonio 5,6771

antonio 5,6771

antonio 5,6770

antonio 5,6770

antonio 5,6770

antonio 5,6770

antonio 5,6770

antonio 5,6770

antonio 5,6770

antonio 5,6771

antonio 5,6771

antonio 5,6771

antonio 5,6771

antonio 5,6771

antonio 5,6771

antonio 5,6771

antonio 5,6771

antonio 5,6771

antonio 5,6771

antonio 5,6771

antonio 5,6772

antonio 5,6772

antonio 5,6772

antonio 5,6772

antonio 5,6772

antonio 5,6772

antonio 5,6772

antonio 5,6772

antonio 5,6772

antonio 5,6772

antonio 5,6773

antonio 5,6773

antonio 5,6773

antonio 5,6773

antonio 5,6773

antonio 5,6773

antonio 5,6773

antonio 5,6773

antonio 5,6773

antonio 5,6774

antonio 5,6774

antonio 5,6774

antonio 5,6774

antonio 5,6774

antonio 5,6774

antonio 5,6774

antonio 5,6774

antonio 5,6773

antonio 5,6773

antonio 5,6774

antonio 5,6774

antonio 5,6774

antonio 5,6774

antonio 5,6774

antonio 5,6774

antonio 5,6774

antonio 5,6774

antonio 5,6774

antonio 5,6774

antonio 5,6774

antonio 5,6775

antonio 5,6775

antonio 5,6775

antonio 10,7182

antonio 10,7703

antonio 10,7703

antonio 10,7704

antonio 10,7704

antonio 10,7703

antonio 10,7703

antonio 10,7704

antonio 10,7704

antonio 10,7704

antonio 10,7705

antonio 10,7719

antonio 10,7720

antonio 10,7720

antonio 10,7721

antonio 10,7721

antonio 10,7721

antonio 10,7722

antonio 10,7722

antonio 10,7722

antonio 10,7722

antonio 10,7722

antonio 10,7722

antonio 10,7723

antonio 10,7723

antonio 10,7723

antonio 10,7723

antonio 10,7723

antonio 10,7723

antonio 10,7724

antonio 10,7724

antonio 10,7724

antonio 10,7724

antonio 10,7723

antonio 10,7723

antonio 10,7724

antonio 10,7724

antonio 10,7724

antonio 10,7724

antonio 10,7724

antonio 10,7724

antonio 10,7725

antonio 10,7725

antonio 10,7725

antonio 10,7725

antonio 10,7725

antonio 10,7724

antonio 10,7724

antonio 10,7725

antonio 10,7725

antonio 10,7725

antonio 10,7725

antonio 10,7725

antonio 10,7725

antonio 10,7725

antonio 10,7726

antonio 10,7726

antonio 10,7726

antonio 10,7726

antonio 10,7726

antonio 10,7726

antonio 10,7726

antonio 10,7726

antonio 10,7727

antonio 10,7727

antonio 10,7727

antonio 10,7728

antonio 10,7728

antonio 10,7728

antonio 10,7728

antonio 10,7728

antonio 10,7728

antonio 10,7729

antonio 10,7729

antonio 10,7729

antonio 10,7729

antonio 10,7729

antonio 10,7728

antonio 10,7728

antonio 10,7728

antonio 10,7728

antonio 10,7729

antonio 10,7729

antonio 10,7729

antonio 10,7729

antonio 10,7729

antonio 10,7729

antonio 10,7729

antonio 10,7729

antonio 10,7729

antonio 10,7729

antonio 10,7730

antonio 10,7730

antonio 10,7730

antonio 10,7730

antonio 10,7730

antonio 10,7729

antonio 10,7729

antonio 10,7729

antonio 10,7729

antonio 10,7729

antonio 10,7729

antonio 10,7730

antonio 10,7730

antonio 10,7730

antonio 10,7730

antonio 10,7730

antonio 10,7730

antonio 10,7730

antonio 10,7730

antonio 10,7730

antonio 10,7730

antonio 10,7731

antonio 10,7731

antonio 10,7730

antonio 10,7730

antonio 10,7730

antonio 10,7729

antonio 10,7729

antonio 10,7729

antonio 10,7729

antonio 10,7729

antonio 10,7729

antonio 10,7730

antonio 10,7730

antonio 10,7730

antonio 10,7730

antonio 10,7730

antonio 10,7730

antonio 10,7730

antonio 10,7729

antonio 10,7727

antonio 10,7726

antonio 10,7726

antonio 10,7726

antonio 10,7726

antonio 10,7726

antonio 10,7726

antonio 10,7726

antonio 10,7726

antonio 10,7726

antonio 10,7726

antonio 10,7727

antonio 10,7727

antonio 10,7727

antonio 10,7727

antonio 10,7727

antonio 10,7727

antonio 10,7728

antonio 10,7728

antonio 10,7728

antonio 10,7728

antonio 10,7728

antonio 10,7728

antonio 10,7728

antonio 10,7728

antonio 10,7729

antonio 10,7729

antonio 10,7729

antonio 10,7729

antonio 10,7729

antonio 10,7730

antonio 10,7729

antonio 10,7729

antonio 10,7729

antonio 10,7729

antonio 10,7730

antonio 10,7730

antonio 10,7730

antonio 10,7730

antonio 10,7730

antonio 10,7730

antonio 10,7730

antonio 10,7730

antonio 10,7730

antonio 10,7730

antonio 10,7731

antonio 10,7731

antonio 10,7731

antonio 10,7731

antonio 10,7731

antonio 10,7731

antonio 10,7731

antonio 10,7731

antonio 10,7731

antonio 10,7731

antonio 10,7732

antonio 10,7732

antonio 10,7732

antonio 10,7732

antonio 10,7732

antonio 10,7732

antonio 10,7732

antonio 10,7732

antonio 10,7733

antonio 10,7733

antonio 10,7733

antonio 10,7733

antonio 10,7733

antonio 10,7733

antonio 10,7733

antonio 10,7734

antonio 10,7734

antonio 10,7734

antonio 10,7734

antonio 10,7734

antonio 10,7733

antonio 10,7733

antonio 10,7733

antonio 10,7733

antonio 10,7734

antonio 10,7734

antonio 10,7734

antonio 10,7734

antonio 10,7734

antonio 10,7734

antonio 10,7734

antonio 10,7734

antonio 10,7734

antonio 10,7734

antonio 10,7734

antonio 10,7735

antonio 10,7735

antonio 10,7735

antonio 10,7735

antonio 10,7735

antonio 10,7735

antonio 10,7735

antonio 10,7735

antonio 10,7735

antonio 10,7735

antonio 10,7735

antonio 10,7736

antonio 10,7736

antonio 10,7736

antonio 10,7736

antonio 10,7736

antonio 10,7736

antonio 10,7736

antonio 10,7736

antonio 10,7736

antonio 10,7737

antonio 10,7737

antonio 10,7737

antonio 10,7737

antonio 10,7736

antonio 10,7736

antonio 10,7736

antonio 10,7736

antonio 10,7736

antonio 10,7736

antonio 10,7737

antonio 10,7737

antonio 10,7737

antonio 10,7737

antonio 10,7737

antonio 10,7737

antonio 10,7737

antonio 10,7737

antonio 10,7737

antonio 10,7737

antonio 10,7737

antonio 10,7737

antonio 10,7737

antonio 10,7737

antonio 10,7737

antonio 10,7737

antonio 10,7737

antonio 10,7737

antonio 10,7737

antonio 10,7737

antonio 10,7737

antonio 10,7738

antonio 10,7738

antonio 10,7737

antonio 10,7737

antonio 10,7737

antonio 10,7737

antonio 10,7737

antonio 10,7737

antonio 10,7737

antonio 10,7737

antonio 10,7737

antonio 10,7738

antonio 10,7738

antonio 10,7738

antonio 10,7738

antonio 10,7738

antonio 10,7738

antonio 10,7738

antonio 10,7738

antonio 10,7739

antonio 10,7739

antonio 10,7739

antonio 10,7739

antonio 10,7739

antonio 10,7740

antonio 10,7740

antonio 10,7740

antonio 10,7740

antonio 10,7740

antonio 10,7740

antonio 10,7740

antonio 10,7740

antonio 10,7740

antonio 10,7741

antonio 10,7741

antonio 10,7741

antonio 10,7741

antonio 10,7741

antonio 10,7741

antonio 10,7741

antonio 10,7742

antonio 10,7742

antonio 10,7742

antonio 10,7742

antonio 10,7742

antonio 10,7742

antonio 10,7742

antonio 10,7742

antonio 10,7743

antonio 10,7743

antonio 10,7743

antonio 10,7743

antonio 10,7743

antonio 10,7742

antonio 10,7742

antonio 10,7743

antonio 10,7743

antonio 10,7743

antonio 10,7743

antonio 10,7743

antonio 10,7743

antonio 10,7743

antonio 10,7743

antonio 10,7743

antonio 10,7744

antonio 10,7744

antonio 10,7744

antonio 10,7744

antonio 10,7744

antonio 10,7744

antonio 10,7744

antonio 10,7744

antonio 10,7745

antonio 10,7745

antonio 10,7745

antonio 10,7745

antonio 10,7745

antonio 10,7745

antonio 10,7745

antonio 10,7745

antonio 10,7746

antonio 10,7746

antonio 10,7746

antonio 10,7746

antonio 10,7747

antonio 10,7747

antonio 10,7747

antonio 10,7747

antonio 10,7747

antonio 10,7747

antonio 10,7747

antonio 10,7748

antonio 10,7748

antonio 10,7748

antonio 10,7748

antonio 10,7748

antonio 10,7748

antonio 10,7748

antonio 10,7748

antonio 10,7749

antonio 10,7749

antonio 10,7749

antonio 10,7749

antonio 10,7748

antonio 10,7749

antonio 10,7749

antonio 10,7749

antonio 10,7749

antonio 10,7749

antonio 10,7749

antonio 10,7749

antonio 10,7750

antonio 10,7750

antonio 10,7750

antonio 10,7750

antonio 10,7751

antonio 10,7751

antonio 10,7751

antonio 10,7751

antonio 10,7751

antonio 10,7751

antonio 10,7751

antonio 10,7751
antonio 10,7751
antonio 10,7751
antonio 10,7751
antonio 10,7752
antonio 10,7752
antonio 10,7752
antonio 10,7752
antonio 10,7751
antonio 10,7751
antonio 10,7752

antonio 10,7752

antonio 10,7752

antonio 10,7752

antonio 10,7752

antonio 10,7752

antonio 10,7752

antonio 10,7753

antonio 10,7753

antonio 10,7753

antonio 10,7753

antonio 10,7753

antonio 10,7753

antonio 10,7753

antonio 10,7754

antonio 10,7754

antonio 10,7754

antonio 10,7754

antonio 10,7754

antonio 10,7754

antonio 10,7754

antonio 10,7755

antonio 10,7755

antonio 10,7755

antonio 10,7755

antonio 10,7755

antonio 10,7755

antonio 10,7755

antonio 10,7756

antonio 10,7756

antonio 10,7756

antonio 10,7756

antonio 10,7756

antonio 10,7756

antonio 10,7756

antonio 10,7756

antonio 10,7756

antonio 10,7756

antonio 10,7757

antonio 10,7757

antonio 10,7757

antonio 10,7756

antonio 10,7756

antonio 10,7756

antonio 10,7756

antonio 10,7756

antonio 10,7756

antonio 10,7756

antonio 10,7756

antonio 10,7757

antonio 10,7757

antonio 10,7757

antonio 10,7757

antonio 10,7757

antonio 10,7757

antonio 10,7757

antonio 10,7757

antonio 10,7757

antonio 10,7757

antonio 10,7757

antonio 10,7758

antonio 10,7758

antonio 10,7758

antonio 10,7758

antonio 10,7758

antonio 10,7758

antonio 10,7758

antonio 10,7758

antonio 10,7758

antonio 10,7758

antonio 10,7759

antonio 10,7759

antonio 10,7759

antonio 10,7759

antonio 10,7759

antonio 10,7759

antonio 10,7759

antonio 10,7759

antonio 10,7758

antonio 10,7759

antonio 10,7759

antonio 10,7759

antonio 10,7759

antonio 10,7759

antonio 10,7759

antonio 10,7759

antonio 10,7759

antonio 10,7760

antonio 10,7760

antonio 10,7760

antonio 10,7760

antonio 10,7760

antonio 10,7760

antonio 10,7760

antonio 10,7760

antonio 10,7761

antonio 9,8296

antonio 9,8823

antonio 9,8824

antonio 9,8825

antonio 9,8825

antonio 9,8825

antonio 9,8825

antonio 9,8826

antonio 9,8825

antonio 9,8825

antonio 9,8826

antonio 9,8848

antonio 9,8849

antonio 9,8850

antonio 9,8850

antonio 9,8850

antonio 9,8851

antonio 9,8851

antonio 9,8851

antonio 9,8852

antonio 9,8852

antonio 9,8852

antonio 9,8852

antonio 9,8853

antonio 9,8853

antonio 9,8853

antonio 9,8853

antonio 9,8854

antonio 9,8854

antonio 9,8854

antonio 9,8854

antonio 9,8855

antonio 9,8855

antonio 9,8854

antonio 9,8854

antonio 9,8854

antonio 9,8855

antonio 9,8855

antonio 9,8855

antonio 9,8855

antonio 9,8855

antonio 9,8856

antonio 9,8855

antonio 9,8855

antonio 9,8855

antonio 9,8855

antonio 9,8856

antonio 9,8856

antonio 9,8856

antonio 9,8856

antonio 9,8856

antonio 9,8855

antonio 9,8855

antonio 9,8856

antonio 9,8856

antonio 9,8856

antonio 9,8856

antonio 9,8856

antonio 9,8856

antonio 9,8856

antonio 9,8857

antonio 9,8857

antonio 9,8857

antonio 9,8857

antonio 9,8857

antonio 9,8857

antonio 9,8857

antonio 9,8857

antonio 9,8858

antonio 9,8858

antonio 9,8858

antonio 9,8858

antonio 9,8858

antonio 9,8859

antonio 9,8859

antonio 9,8859

antonio 9,8859

antonio 9,8859

antonio 9,8858

antonio 9,8859

antonio 9,8859

antonio 9,8859

antonio 9,8859

antonio 9,8860

antonio 9,8860

antonio 9,8860

antonio 9,8860

antonio 9,8860

antonio 9,8861

antonio 9,8861

antonio 9,8861

antonio 9,8861

antonio 9,8861

antonio 9,8861

antonio 9,8862

antonio 9,8862

antonio 9,8862

antonio 9,8862

antonio 9,8861

antonio 9,8861

antonio 9,8862

antonio 9,8862

antonio 9,8862

antonio 9,8862

antonio 9,8862

antonio 9,8862

antonio 9,8862

antonio 9,8863

antonio 9,8863

antonio 9,8863

antonio 9,8863

antonio 9,8863

antonio 9,8863

antonio 9,8863

antonio 9,8863

antonio 9,8864

antonio 9,8864

antonio 9,8864

antonio 9,8864

antonio 9,8864

antonio 9,8864

antonio 9,8864

antonio 9,8863

antonio 9,8863

antonio 9,8864

antonio 9,8864

antonio 9,8864

antonio 9,8864

antonio 9,8864

antonio 9,8864

antonio 9,8864

antonio 9,8863

antonio 9,8863

antonio 9,8862

antonio 9,8863

antonio 9,8863

antonio 9,8863

antonio 9,8863

antonio 9,8863

antonio 9,8863

antonio 9,8863

antonio 9,8863

antonio 9,8863

antonio 9,8863

antonio 9,8864

antonio 9,8864

antonio 9,8864

antonio 9,8864

antonio 9,8864

antonio 9,8864

antonio 9,8864

antonio 9,8864

antonio 9,8864

antonio 9,8864

antonio 9,8864

antonio 9,8865

antonio 9,8865

antonio 9,8865

antonio 9,8865

antonio 9,8864

antonio 9,8864

antonio 9,8864

antonio 9,8864

antonio 9,8864

antonio 9,8864

antonio 9,8864

antonio 9,8865

antonio 9,8865

antonio 9,8865

antonio 9,8865

antonio 9,8865

antonio 9,8865

antonio 9,8865

antonio 9,8865

antonio 9,8865

antonio 9,8866

antonio 9,8866

antonio 9,8867

antonio 9,8867

antonio 9,8867

antonio 9,8867

antonio 9,8868

antonio 9,8868

antonio 9,8868

antonio 9,8868

antonio 9,8868

antonio 9,8868

antonio 9,8869

antonio 9,8869

antonio 9,8869

antonio 9,8869

antonio 9,8869

antonio 9,8869

antonio 9,8869

antonio 9,8869

antonio 9,8870

antonio 9,8870

antonio 9,8870

antonio 9,8870

antonio 9,8870

antonio 9,8870

antonio 9,8870

antonio 9,8870

antonio 9,8870

antonio 9,8870

antonio 9,8870

antonio 9,8871

antonio 9,8871

antonio 9,8870

antonio 9,8870

antonio 9,8870

antonio 9,8870

antonio 9,8871

antonio 9,8871

antonio 9,8871

antonio 9,8871

antonio 9,8871

antonio 9,8871

antonio 9,8871

antonio 9,8871

antonio 9,8872

antonio 9,8872

antonio 9,8872

antonio 9,8872

antonio 9,8872

antonio 9,8872

antonio 9,8872

antonio 9,8872

antonio 9,8873

antonio 9,8873

antonio 9,8873

antonio 9,8873

antonio 9,8873

antonio 9,8873

antonio 9,8873

antonio 9,8874

antonio 9,8874

antonio 9,8874

antonio 9,8874

antonio 9,8874

antonio 9,8874

antonio 9,8874

antonio 9,8875

antonio 9,8875

antonio 9,8875

antonio 9,8875

antonio 9,8875

antonio 9,8875

antonio 9,8875

antonio 9,8875

antonio 9,8875

antonio 9,8876

antonio 9,8876

antonio 9,8876

antonio 9,8876

antonio 9,8876

antonio 9,8876

antonio 9,8875

antonio 9,8875

antonio 9,8875

antonio 9,8875

antonio 9,8876

antonio 9,8876

antonio 9,8876

antonio 9,8876

antonio 9,8876

antonio 9,8876

antonio 9,8876

antonio 9,8876

antonio 9,8876

antonio 9,8877

antonio 9,8877

antonio 9,8877

antonio 9,8877

antonio 9,8877

antonio 9,8877

antonio 9,8877

antonio 9,8877

antonio 9,8877

antonio 9,8876

antonio 9,8876

antonio 9,8877

antonio 9,8877

antonio 9,8877

antonio 9,8877

antonio 9,8877

antonio 9,8877

antonio 9,8877

antonio 9,8877

antonio 9,8877

antonio 9,8877

antonio 9,8878

antonio 9,8878

antonio 9,8878

antonio 9,8878

antonio 9,8878

antonio 9,8878

antonio 9,8878

antonio 9,8878

antonio 9,8878

antonio 9,8878

antonio 9,8879

antonio 9,8879

antonio 9,8879

antonio 9,8879

antonio 9,8879

antonio 9,8879

antonio 9,8879

antonio 9,8879

antonio 9,8880

antonio 9,8880

antonio 9,8859

antonio 9,8858

antonio 9,8858

antonio 9,8858

antonio 9,8858

antonio 9,8859

antonio 9,8859

antonio 9,8859

antonio 9,8859

antonio 9,8859

antonio 9,8859

antonio 9,8859

antonio 9,8859

antonio 9,8857

antonio 9,8857

antonio 9,8858

antonio 9,8858

antonio 9,8858

antonio 9,8858

antonio 9,8858

antonio 9,8858

antonio 9,8858

antonio 9,8858

antonio 9,8858

antonio 9,8858

antonio 9,8859

antonio 9,8859

antonio 9,8856

antonio 9,8856

antonio 9,8856

antonio 9,8855

antonio 9,8855

antonio 9,8855

antonio 9,8855

antonio 9,8855

antonio 9,8855

antonio 9,8856

antonio 9,8856

antonio 9,8856

antonio 9,8856

antonio 9,8856

antonio 9,8856

antonio 9,8856

antonio 9,8856

antonio 9,8856

antonio 9,8856

antonio 9,8855

antonio 9,8856

antonio 9,8856

antonio 9,8855

antonio 9,8855

antonio 9,8855

antonio 9,8855

antonio 9,8855

antonio 9,8855

antonio 9,8855

antonio 9,8855

antonio 9,8855

antonio 9,8856

antonio 9,8856

antonio 9,8855

antonio 9,8855

antonio 9,8855

antonio 9,8855

antonio 9,8855

antonio 9,8855

antonio 9,8856

antonio 9,8856

antonio 9,8856

antonio 9,8856

antonio 9,8856

antonio 9,8856

antonio 9,8854

antonio 9,8854

antonio 9,8854

antonio 9,8852

antonio 9,8852

antonio 9,8853

antonio 9,8853

antonio 9,8853

antonio 9,8853

antonio 9,8853

antonio 9,8851

antonio 9,8851

antonio 9,8851

antonio 9,8851

antonio 9,8851

antonio 9,8851

antonio 9,8852

antonio 9,8852

antonio 9,8852

antonio 9,8852

antonio 9,8852

antonio 9,8852

antonio 9,8851

antonio 9,8851

antonio 9,8851

antonio 9,8851

antonio 9,8852

antonio 9,8852

antonio 9,8852

antonio 9,8852

antonio 9,8852

antonio 9,8852

antonio 9,8852

antonio 9,8852

antonio 9,8852

antonio 9,8852

antonio 9,8852

antonio 9,8853

antonio 9,8853

antonio 9,8853

antonio 9,8853

antonio 9,8853

antonio 9,8853

antonio 9,8853

antonio 9,8853

antonio 9,8853

antonio 9,8853

antonio 9,8853

antonio 9,8854

antonio 9,8854

antonio 9,8854

antonio 9,8854

antonio 9,8854

antonio 9,8854

antonio 9,8854

antonio 9,8854

antonio 9,8854

antonio 9,8854

antonio 9,8855

antonio 9,8855

antonio 9,8855

antonio 9,8855

antonio 9,8855

antonio 9,8855

antonio 9,8855

antonio 9,8855

antonio 9,8855

antonio 9,8855

antonio 9,8855

antonio 9,8856

antonio 9,8856

antonio 9,8856

antonio 9,8856

antonio 9,8856

antonio 9,8856

antonio 9,8856

antonio 9,8856

antonio 9,8856

antonio 9,8856

antonio 9,8856

antonio 9,8856

antonio 9,8856

antonio 9,8856

antonio 9,8856

antonio 9,8856

antonio 9,8856

antonio 9,8856

antonio 9,8856

antonio 9,8856

antonio 9,8857

antonio 9,8857

antonio 9,8857

antonio 9,8857

antonio 9,8857

antonio 9,8857

antonio 9,8857

antonio 9,8857

antonio 9,8856

antonio 9,8856

antonio 9,8857

antonio 9,8857

antonio 9,8857

antonio 9,8856

antonio 9,8856

antonio 9,8856

antonio 9,8856

antonio 9,8856

antonio 9,8856

antonio 9,8856

antonio 9,8856

antonio 9,8857

antonio 9,8857

antonio 9,8857

antonio 9,8857

antonio 9,8857

antonio 9,8857

antonio 9,8857

antonio 6,9518

antonio 6,9950

antonio 6,9951

antonio 6,9952

antonio 6,9952

antonio 6,9953

antonio 6,9953

antonio 6,9953

antonio 6,9953

antonio 6,9952

antonio 6,9953

antonio 6,9970

antonio 6,9971

antonio 6,9971

antonio 6,9971

antonio 6,9972

antonio 6,9972

antonio 6,9972

antonio 6,9973

antonio 6,9973

antonio 6,9973

antonio 6,9973

antonio 6,9974

antonio 6,9974

antonio 6,9974

antonio 6,9974

antonio 6,9974

antonio 6,9974

antonio 6,9975

antonio 6,9975

antonio 6,9975

antonio 6,9974

antonio 6,9974

antonio 6,9974

antonio 6,9975

antonio 6,9975

antonio 6,9975

antonio 6,9975

antonio 6,9975

antonio 6,9975

antonio 6,9976

antonio 6,9976

antonio 6,9975

antonio 6,9975

antonio 6,9976

antonio 6,9976

antonio 6,9976

antonio 6,9976

antonio 6,9977

antonio 6,9977

antonio 6,9977

antonio 6,9977

antonio 6,9978

antonio 6,9978

antonio 6,9978

antonio 6,9978

antonio 6,9978

antonio 6,9978

antonio 6,9978

antonio 6,9979

antonio 6,9979

antonio 6,9979

antonio 6,9979

antonio 6,9979

antonio 6,9979

antonio 6,9979

antonio 6,9980

antonio 6,9980

antonio 6,9979

antonio 6,9979

antonio 6,9979

antonio 6,9979

antonio 6,9979

antonio 6,9979

antonio 6,9980

antonio 6,9980

antonio 6,9980

antonio 6,9980

antonio 6,9980

antonio 6,9980

antonio 6,9980

antonio 6,9981

antonio 6,9981

antonio 6,9981

antonio 6,9981

antonio 6,9981

antonio 6,9981

antonio 6,9981

antonio 6,9981

antonio 6,9981

antonio 6,9982

antonio 6,9982

antonio 6,9982

antonio 6,9981

antonio 6,9981

antonio 6,9981

antonio 6,9981

antonio 6,9982

antonio 6,9982

antonio 6,9982

antonio 6,9982

antonio 6,9982

antonio 6,9982

antonio 6,9982

antonio 6,9982

antonio 6,9982

antonio 6,9982

antonio 6,9983

antonio 6,9983

antonio 6,9983

antonio 6,9983

antonio 6,9983

antonio 6,9983

antonio 6,9983

antonio 6,9983

antonio 6,9982

antonio 6,9982

antonio 6,9983

antonio 6,9983

antonio 6,9983

antonio 6,9983

antonio 6,9983

antonio 6,9983

antonio 6,9983

antonio 6,9983

antonio 6,9982

antonio 6,9982

antonio 6,9982

antonio 6,9983

antonio 6,9983

antonio 6,9983

antonio 6,9981

antonio 6,9981

antonio 6,9981

antonio 6,9981

antonio 6,9981

antonio 6,9980

antonio 6,9980

antonio 6,9980

antonio 6,9981

antonio 6,9981

antonio 6,9981

antonio 6,9981

antonio 6,9981

antonio 6,9981

antonio 6,9981

antonio 6,9981

antonio 6,9981

antonio 6,9981

antonio 6,9981

antonio 6,9982

antonio 6,9982

antonio 6,9982

antonio 6,9985

antonio 6,9985

antonio 6,9985

antonio 6,9985

antonio 6,9985

antonio 6,9986

antonio 6,9986

antonio 6,9986

antonio 6,9986

antonio 6,9986

antonio 6,9986

antonio 6,9986

antonio 6,9986

antonio 6,9987

antonio 6,9987

antonio 6,9986

antonio 6,9986

antonio 6,9986

antonio 6,9986

antonio 6,9986

antonio 6,9987

antonio 6,9987

antonio 6,9987

antonio 6,9987

antonio 6,9987

antonio 6,9987

antonio 6,9987

antonio 6,9987

antonio 6,9987

antonio 6,9988

antonio 6,9988

antonio 6,9988

antonio 6,9988

antonio 6,9988

antonio 6,9988

antonio 6,9988

antonio 6,9988

antonio 6,9988

antonio 6,9989

antonio 6,9989

antonio 6,9989

antonio 6,9989

antonio 6,9989

antonio 6,9989

antonio 6,9989

antonio 6,9989

antonio 6,9990

antonio 6,9990

antonio 6,9990

antonio 6,9990

antonio 6,9990

antonio 6,9990

antonio 6,9990

antonio 6,9990

antonio 6,9990

antonio 6,9990

antonio 6,9990

antonio 6,9991

antonio 6,9991

antonio 6,9990

antonio 6,9990

antonio 6,9990

antonio 6,9990

antonio 6,9990

antonio 6,9990

antonio 6,9991

antonio 6,9991

antonio 6,9991

antonio 6,9991

antonio 6,9991

antonio 6,9991

antonio 6,9991

antonio 6,9992

antonio 6,9992

antonio 6,9992
antonio 6,9992
antonio 6,9992
antonio 6,9992
antonio 6,9992
antonio 6,9992
antonio 6,9993
antonio 6,9993
antonio 6,9993

antonio 6,9993

antonio 6,9993

antonio 6,9993

antonio 6,9993

antonio 6,9993

antonio 6,9993

antonio 6,9993

antonio 6,9994

antonio 6,9994

antonio 6,9994

antonio 6,9994

antonio 6,9994

antonio 6,9994

antonio 6,9994

antonio 6,9994

antonio 6,9994

antonio 6,9994

antonio 6,9995

antonio 6,9995

antonio 6,9995

antonio 6,9995

antonio 6,9995

antonio 6,9994

antonio 6,9994

antonio 6,9994

antonio 6,9994

antonio 6,9994

antonio 6,9994

antonio 6,9995

antonio 6,9995

antonio 6,9995

antonio 6,9995

antonio 6,9995

antonio 6,9995

antonio 6,9995

antonio 6,9995

antonio 6,9995

antonio 6,9995

antonio 6,9995

antonio 6,9996

antonio 6,9996

antonio 6,9996

antonio 6,9996

antonio 6,9996

antonio 6,9996

antonio 6,9996

antonio 6,9996

antonio 6,9996

antonio 6,9996

antonio 6,9995

antonio 6,9996

antonio 6,9996

antonio 6,9996

antonio 6,9996

antonio 6,9996

antonio 6,9996

antonio 6,9996

antonio 6,9996

antonio 6,9996

antonio 6,9996

antonio 6,9997

antonio 6,9997

antonio 6,9997

antonio 6,9997

antonio 6,9997

antonio 6,9997

antonio 6,9997

antonio 6,9997

antonio 6,9997

antonio 6,9997

antonio 6,9997

antonio 6,9998

antonio 6,9998

antonio 6,9998

antonio 6,9998

antonio 6,9998

antonio 6,9998

antonio 6,9998

antonio 6,9998

antonio 6,9998

antonio 6,9998

antonio 6,9998

antonio 6,9999

antonio 6,9999

antonio 6,9999

antonio 6,9999

antonio 6,9999

antonio 6,9999

antonio 6,9999

antonio 6,9999

antonio 6,10003

antonio 6,10004

antonio 6,10004

antonio 6,10004

antonio 6,10004

antonio 6,10003

antonio 6,10003

antonio 6,10004

antonio 6,10004

antonio 6,10004

antonio 6,10004

antonio 6,10004

antonio 6,10004

antonio 6,10004

antonio 6,10005

antonio 6,10005

antonio 6,10005

antonio 6,10005

antonio 6,10005

antonio 6,10005

antonio 6,10005

antonio 6,10005

antonio 6,10006

antonio 6,10006

antonio 6,10006

antonio 6,10006

antonio 6,10006

antonio 6,10006

antonio 6,10006

antonio 6,10006

antonio 6,10007

antonio 6,10007

antonio 6,10007

antonio 6,10007

antonio 6,10006

antonio 6,10006

antonio 6,10006

antonio 6,10006

antonio 6,10007

antonio 6,10007

antonio 6,10007

antonio 6,10007

antonio 6,10007

antonio 6,10007

antonio 6,10007

antonio 6,10008

antonio 6,10008

antonio 6,10008

antonio 6,10008

antonio 6,10008

antonio 6,10008

antonio 6,10008

antonio 6,10008

antonio 6,10008

antonio 6,10009

antonio 6,10009

antonio 6,10009

antonio 6,10009

antonio 6,10009

antonio 6,10008

antonio 6,10008

antonio 6,10008

antonio 6,10009

antonio 6,10009

antonio 6,10009

antonio 6,10009

antonio 6,10009

antonio 6,10009

antonio 6,10009

antonio 6,10008

antonio 6,10008

antonio 6,10009

antonio 6,10009

antonio 6,10009

antonio 6,10009

antonio 6,10009

antonio 6,10009

antonio 6,10010

antonio 6,10010

antonio 6,10010

antonio 6,10010

antonio 6,10010

antonio 6,10010

antonio 6,10010

antonio 6,10010

antonio 6,10011

antonio 6,10011

antonio 6,10011

antonio 6,10011

antonio 6,10011

antonio 6,10011

antonio 6,10011

antonio 6,10011

antonio 6,10012

antonio 6,10012

antonio 6,10012

antonio 6,10012

antonio 6,10012

antonio 6,10012

antonio 6,10012

antonio 6,10012

antonio 6,10012

antonio 6,10012

antonio 6,10012

antonio 6,10013

antonio 6,10012

antonio 6,10012

antonio 6,10012

antonio 6,10012

antonio 6,10012

antonio 6,10012

antonio 6,10012

antonio 6,10012

antonio 6,10012

antonio 6,10013

antonio 6,10013

antonio 6,10013

antonio 6,10013

antonio 6,10013

antonio 6,10013

antonio 6,10013

antonio 6,10013

antonio 6,10013

antonio 6,10013

antonio 6,10013

antonio 6,10014

antonio 6,10014

antonio 6,10014

antonio 6,10014

antonio 6,10014

antonio 6,10014

antonio 6,10014

antonio 6,10014

antonio 6,10014

antonio 6,10014

antonio 6,10014

antonio 6,10015

antonio 6,10015

antonio 6,10015

antonio 6,10015

antonio 6,10015

antonio 6,10015

antonio 6,10015

antonio 6,10015

antonio 6,10015

antonio 6,10015

antonio 6,10015

antonio 6,10016

antonio 6,10016

antonio 6,10016

antonio 6,10000

antonio 6,10000

antonio 6,10000

antonio 6,10000

antonio 6,9999

antonio 6,10000

antonio 6,10000

antonio 6,10000

antonio 6,10000

antonio 6,10000

antonio 6,10000

antonio 6,10000

antonio 6,10000

antonio 6,10000

antonio 6,10000

antonio 6,10000

antonio 6,10001

antonio 6,10001

antonio 6,10001

antonio 6,10001

antonio 6,10001

antonio 6,10001

antonio 6,10001

antonio 6,10001

antonio 7,11047

antonio 7,11596

antonio 7,11597

antonio 7,11597

antonio 7,11597

antonio 7,11597

antonio 7,11598

antonio 7,11598

antonio 7,11598

antonio 7,11598

antonio 7,11599

antonio 7,11613

antonio 7,11614

antonio 7,11614

antonio 7,11613

antonio 7,11614

antonio 7,11614

antonio 7,11614

antonio 7,11615

antonio 7,11615

antonio 7,11615

antonio 7,11615

antonio 7,11615

antonio 7,11616

antonio 7,11616

antonio 7,11616

antonio 7,11616

antonio 7,11616

antonio 7,11617

antonio 7,11617

antonio 7,11617

antonio 7,11617

antonio 7,11617

antonio 7,11617

antonio 7,11617

antonio 7,11618

antonio 7,11618

antonio 7,11617

antonio 7,11617

antonio 7,11617

antonio 7,11618

antonio 7,11618

antonio 7,11618

antonio 7,11618

antonio 7,11618

antonio 7,11618

antonio 7,11619

antonio 7,11619

antonio 7,11619

antonio 7,11619

antonio 7,11619

antonio 7,11619

antonio 7,11620

antonio 7,11620

antonio 7,11620

antonio 7,11620

antonio 7,11620

antonio 7,11620

antonio 7,11621

antonio 7,11621

antonio 7,11621

antonio 7,11621

antonio 7,11621

antonio 7,11621

antonio 7,11622

antonio 7,11622

antonio 7,11622

antonio 7,11622

antonio 7,11622

antonio 7,11622

antonio 7,11623

antonio 7,11623

antonio 7,11623

antonio 7,11623

antonio 7,11622

antonio 7,11622

antonio 7,11622

antonio 7,11623

antonio 7,11623

antonio 7,11623

antonio 7,11623

antonio 7,11623

antonio 7,11623

antonio 7,11623

antonio 7,11623

antonio 7,11624

antonio 7,11624

antonio 7,11624

antonio 7,11624

antonio 7,11624

antonio 7,11624

antonio 7,11624

antonio 7,11625

antonio 7,11625

antonio 7,11625

antonio 7,11625

antonio 7,11625

antonio 7,11625

antonio 7,11624

antonio 7,11624

antonio 7,11625

antonio 7,11625

antonio 7,11625

antonio 7,11625

antonio 7,11625

antonio 7,11625

antonio 7,11626

antonio 7,11626

antonio 7,11626

antonio 7,11626

antonio 7,11626

antonio 7,11626

antonio 7,11627

antonio 7,11627

antonio 7,11627

antonio 7,11627

antonio 7,11627

antonio 7,11626

antonio 7,11626

antonio 7,11627

antonio 7,11627

antonio 7,11627

antonio 7,11627
antonio 7,11627
antonio 7,11627

antonio 7,11627

antonio 7,11628

antonio 7,11628

antonio 7,11628

antonio 7,11628

antonio 7,11627

antonio 7,11623

antonio 7,11624

antonio 7,11624

antonio 7,11624

antonio 7,11624

antonio 7,11624

antonio 7,11624

antonio 7,11624

antonio 7,11625

antonio 7,11625

antonio 7,11625

antonio 7,11625

antonio 7,11625

antonio 7,11625

antonio 7,11626

antonio 7,11626

antonio 7,11626

antonio 7,11626

antonio 7,11626

antonio 7,11626

antonio 7,11626

antonio 7,11627

antonio 7,11627

antonio 7,11627

antonio 7,11627

antonio 7,11627

antonio 7,11627

antonio 7,11627

antonio 7,11628

antonio 7,11627

antonio 7,11627

antonio 7,11628

antonio 7,11628

antonio 7,11628

antonio 7,11628

antonio 7,11628

antonio 7,11629

antonio 7,11629

antonio 7,11629

antonio 7,11629

antonio 7,11629

antonio 7,11630

antonio 7,11630

antonio 7,11630

antonio 7,11630

antonio 7,11630

antonio 7,11630

antonio 7,11630

antonio 7,11630

antonio 7,11631

antonio 7,11631

antonio 7,11631

antonio 7,11631

antonio 7,11631

antonio 7,11631

antonio 7,11631

antonio 7,11631

antonio 7,11631

antonio 7,11631

antonio 7,11632

antonio 7,11632

antonio 7,11632

antonio 7,11632

antonio 7,11631

antonio 7,11631

antonio 7,11631

antonio 7,11631

antonio 7,11632

antonio 7,11632

antonio 7,11632

antonio 7,11632

antonio 7,11632

antonio 7,11632

antonio 7,11632

antonio 7,11633

antonio 7,11633

antonio 7,11633

antonio 7,11633

antonio 7,11633

antonio 7,11633

antonio 7,11634

antonio 7,11634

antonio 7,11634

antonio 7,11634

antonio 7,11634

antonio 7,11634

antonio 7,11635

antonio 7,11635

antonio 7,11635

antonio 7,11635

antonio 7,11635

antonio 7,11635

antonio 7,11635

antonio 7,11636

antonio 7,11636

antonio 7,11636

antonio 7,11636

antonio 7,11636

antonio 7,11636

antonio 7,11637

antonio 7,11637

antonio 7,11637

antonio 7,11637

antonio 7,11637

antonio 7,11637

antonio 7,11638

antonio 7,11637

antonio 7,11637

antonio 7,11637

antonio 7,11637

antonio 7,11637

antonio 7,11637

antonio 7,11638

antonio 7,11638

antonio 7,11638

antonio 7,11638

antonio 7,11638

antonio 7,11638

antonio 7,11639

antonio 7,11639

antonio 7,11639

antonio 7,11639

antonio 7,11639

antonio 7,11639

antonio 7,11639

antonio 7,11640

antonio 7,11640

antonio 7,11640

antonio 7,11640

antonio 7,11640

antonio 7,11640

antonio 7,11641

antonio 7,11641

antonio 7,11641

antonio 7,11641

antonio 7,11641

antonio 7,11641

antonio 7,11641

antonio 7,11642

antonio 7,11642

antonio 7,11642

antonio 7,11642

antonio 7,11641

antonio 7,11641

antonio 7,11641

antonio 7,11642

antonio 7,11642

antonio 7,11642

antonio 7,11642

antonio 7,11642

antonio 7,11642

antonio 7,11642

antonio 7,11643

antonio 7,11643

antonio 7,11643

antonio 7,11643

antonio 7,11643

antonio 7,11643

antonio 7,11643

antonio 7,11643

antonio 7,11643

antonio 7,11643

antonio 7,11644

antonio 7,11644

antonio 7,11644

antonio 7,11644

antonio 7,11644

antonio 7,11644

antonio 7,11644

antonio 7,11644

antonio 7,11644

antonio 7,11644

antonio 7,11644

antonio 7,11645

antonio 7,11645

antonio 7,11645

antonio 7,11645

antonio 7,11645

antonio 7,11645

antonio 7,11645

antonio 7,11645

antonio 7,11646

antonio 7,11646

antonio 7,11646

antonio 7,11646

antonio 7,11646

antonio 7,11646

antonio 7,11646

antonio 7,11646

antonio 7,11646

antonio 7,11646

antonio 7,11646

antonio 7,11646

antonio 7,11646

antonio 7,11647

antonio 7,11647

antonio 7,11647

antonio 7,11647

antonio 7,11647

antonio 7,11647

antonio 7,11647

antonio 7,11648

antonio 7,11648

antonio 7,11648

antonio 7,11648

antonio 7,11648

antonio 7,11648

antonio 7,11648

antonio 7,11648

antonio 7,11649

antonio 7,11649

antonio 7,11649

antonio 7,11649

antonio 7,11649

antonio 7,11649

antonio 7,11650

antonio 7,11650

antonio 7,11650

antonio 7,11650

antonio 7,11650

antonio 7,11650

antonio 7,11650

antonio 7,11650

antonio 7,11651

antonio 7,11651

antonio 7,11651

antonio 7,11651

antonio 7,11651

antonio 7,11651

antonio 7,11651

antonio 7,11651

antonio 7,11651

antonio 7,11599

antonio 7,11598

antonio 7,11598

antonio 7,11598

antonio 7,11598

antonio 7,11598

antonio 7,11598

antonio 7,11599

antonio 7,11599

antonio 7,11599

antonio 7,11599

antonio 7,11598

antonio 7,11598

antonio 7,11598

antonio 7,11599

antonio 7,11599

antonio 7,11599

antonio 7,11599

antonio 7,11599

antonio 7,11599

antonio 7,11598

antonio 7,11598

antonio 7,11599

antonio 7,11599

antonio 7,11599

antonio 7,11599

antonio 7,11599

antonio 7,11599

antonio 7,11600

antonio 7,11600

antonio 7,11598

antonio 7,11598

antonio 7,11597

antonio 7,11597

antonio 7,11597

antonio 7,11598

antonio 7,11597

antonio 7,11597

antonio 7,11597

antonio 7,11597

antonio 7,11597

antonio 7,11597

antonio 7,11597

antonio 7,11598

antonio 7,11598

antonio 7,11598

antonio 7,11598

antonio 7,11598

antonio 7,11598

antonio 7,11598

antonio 7,11598

antonio 7,11598

antonio 7,11599

antonio 7,11599

antonio 7,11599

antonio 7,11599

antonio 7,11599

antonio 7,11598

antonio 7,11598

antonio 7,11598

antonio 7,11599

antonio 7,11599

antonio 7,11599

antonio 7,11599

antonio 7,11599

antonio 7,11599

antonio 7,11599

antonio 7,11599

antonio 7,11599

antonio 7,11599

antonio 7,11599

antonio 7,11600

antonio 7,11599

antonio 7,11599

antonio 7,11599

antonio 7,11599

antonio 7,11599

antonio 7,11598

antonio 7,11598

antonio 7,11598

antonio 7,11598

antonio 7,11598

antonio 7,11599

antonio 7,11599

antonio 7,11599

antonio 7,11599

antonio 7,11599

antonio 7,11599

antonio 7,11599

antonio 7,11599

antonio 7,11599

antonio 7,11599

antonio 7,11600

antonio 7,11600

antonio 7,11600

antonio 7,11600

antonio 7,11600

antonio 7,11600

antonio 7,11600

antonio 7,11599

antonio 7,11599

antonio 7,11599

antonio 7,11599

antonio 7,11600

antonio 7,11600

antonio 7,11600

antonio 7,11600

antonio 7,11600

antonio 7,11600

antonio 7,11600

antonio 7,11600

antonio 7,11600

antonio 7,11600

antonio 7,11600

antonio 7,11601

antonio 7,11601

antonio 7,11601

antonio 7,11601

antonio 7,11601

antonio 7,11601

antonio 7,11601

antonio 7,11601

antonio 7,11601

antonio 7,11601

antonio 7,11602

antonio 7,11602

antonio 7,11602

antonio 7,11602

antonio 7,11602

antonio 7,11602

antonio 7,11602

antonio 7,11602

antonio 7,11602

antonio 7,11602

antonio 7,11602

antonio 7,11603

antonio 7,11602

SERVER,NaN

SERVER,NaN

SERVER,NaN

SERVER,NaN

SERVER,NaN

SERVER,NaN

SERVER,NaN

